ObjId,range,speed,angle,snr,Kstate,OboCarSpeed,heigh,heighAngle,X,Y,EstimateCarSpeed,EstimateMagCarSpeed,RCS,WheelSpdFl,WheelSpdFR,WheelSpdRL,WheelSpdRR,YawRate,frameIntervalTimeZ4,SelfCalcAngle,SenceFlag,SortFlag,trkReiablility,RadiusCurvature,Xaccel,Yaccel,noise,using,DbfMag,FrameIntervalTime,installAngleOffset,VehLatAcc,VehLongAcc,matchFlag,tag,deltaRange,clusterID,idx,objLen,weight,MeasCounter,MAtr,SteeringAngle,SteeringAngleSpd,EstCarSpeed,Gear,isDmlMode,waveType,sideSlobe0,sideSlobe1,sideSlobe2,peakNum1,peakNum2,AlgTeam,ObstacleProb,scene,errorCode,FlagJam,FlagTunnelFence,FlagFenceScene,FlagBarnScene
START,FrameNb:0,CameraNb:0,HeSaiNb:0,ARS410Nb:0
2026/05/22 13:41:34:838---->
heightOffset:0,1779428494838,97584,selfCaliBufCnt:0,selfAccObjCnt:0,selfAccAngle:0,installHAngleOffset:0,Interpolation:0,installVAngleOffset:0,radarOffsetH:0,radarOffsetV:0.32,Polynom:-0.001023;-0.0511;-2.047;0;0;0;-0.001023;-0.0511;-2.047;-25.5;0;0,WheelDirection:0;0;0;0,selfAngleOffset:0,selfAngleOffsetPit:0,currCaliAngleHrz:0,currCaliAnglePit:0,selfCaliAngleHrz:0,selfCaliAnglePit:0,servCaliAngleHrz:0,servCaliAnglePit:0,offlineCaliAngleHrz:0,offlineCaliAnglePit:0,determine2useFlag:0,IMU_Z_Accel:-21.592,IMU_X_AngularRate:-2.093,IMU_Y_AngularRate:-2.093,IMU_RollAngle:-180,IMU_PitchAngle:-180,IMU_YawAngle:-180,FcwID:0,FCWWarningLevel:0,FCWTTC:0
0,0.2,-63.2,20,75.4,0,0,0,-9,1.71472e-31,0,0,0,0,0,0,0,0,-0.00229183,0,0,0,0,0,0,0,0,0,0,2,59,0,0.00034,0.00034,0,0,0,0,0,0,0,0,0,0,0,0,1,0,0,0,0,0,0,0,0,0,0,,0,0,0,0,
1,0.2,38,20.05,29.4,0,0,0,136,0,0,0,0,0,0,0,0,0,-0.00229183,0,0,0,0,0,0,0,0,0,0,3,59,0,0.00034,0.00034,0,0,0,0,0,0,0,0,0,0,0,0,1,0,0,0,0,0,0,0,0,0,0,,0,0,0,0,
2,0.2,26.8,20.05,139.4,0,0,0,14.4,0,0,0,0,0,0,0,0,0,-0.00229183,0,0,0,0,0,0,0,0,0,0,3,59,0,0.00034,0.00034,0,0,0,0,0,0,0,0,0,0,0,0,1,0,0,0,0,0,0,0,0,0,0,,0,0,0,0,
3,0.15,29.1,20.05,48.6,0,0,0,-7.2,0,0,0,0,0,0,0,0,0,-0.00229183,0,0,0,0,0,0,0,0,0,0,5,59,0,0.00034,0.00034,0,0,0,0,0,0,0,0,0,0,0,0,1,0,0,0,0,0,0,0,0,0,0,,0,0,0,0,
END,Total:4
START,FrameNb:1,CameraNb:0,HeSaiNb:0,ARS410Nb:0
2026/05/22 13:41:34:931---->
heightOffset:0,1779428494931,97644,selfCaliBufCnt:0,selfAccObjCnt:0,selfAccAngle:0,installHAngleOffset:0,Interpolation:0,installVAngleOffset:0,radarOffsetH:0,radarOffsetV:0.32,Polynom:-0.001023;-0.0511;-2.047;0;0;0;-0.001023;-0.0511;-2.047;-25.5;0;0,WheelDirection:0;0;0;0,selfAngleOffset:0,selfAngleOffsetPit:0,currCaliAngleHrz:0,currCaliAnglePit:0,selfCaliAngleHrz:0,selfCaliAnglePit:0,servCaliAngleHrz:0,servCaliAnglePit:0,offlineCaliAngleHrz:0,offlineCaliAnglePit:0,determine2useFlag:0,IMU_Z_Accel:-21.592,IMU_X_AngularRate:-2.093,IMU_Y_AngularRate:-2.093,IMU_RollAngle:-180,IMU_PitchAngle:-180,IMU_YawAngle:-180,FcwID:0,FCWWarningLevel:0,FCWTTC:0
0,0.94,0,6.7,35.5,0,0,0,-3.25,1.71472e-31,0,0,0,-14.5,0,0,0,0,-0.00229183,0,0,0,0,0,0,0,0,0,1,85,61,0,0.00034,0.00034,3,5,0,0,0,0,0,0,0,0,0,0,1,0,0,0,0,0,0,0,0,0,0,,0,0,0,0,
1,1.75,0,9.55,33.5,0,0,0,-10.8,0,0,0,0,-14.5,0,0,0,0,-0.00229183,0,0,0,0,0,0,0,0,0,1,82,61,0,0.00034,0.00034,3,0,0,0,0,0,0,0,0,0,0,0,1,0,0,0,0,0,0,0,0,0,0,,0,0,0,0,
2,2.35,0,10.55,26.5,0,0,0,-0.25,0,0,0,0,-21.5,0,0,0,0,-0.00229183,0,0,0,0,0,0,0,0,0,1,75,61,0,0.00034,0.00034,3,5,0,0,0,0,0,0,0,0,0,0,1,0,0,0,0,0,0,0,0,0,0,,0,0,0,0,
3,3.54,0,-39.95,24,0,0,0,9,0,0,0,0,-13.5,0,0,0,0,-0.00229183,0,0,0,0,0,0,0,0,0,1,72,61,0,0.00034,0.00034,3,5,0,0,0,0,0,0,0,0,0,0,1,0,0,0,0,0,0,0,0,0,0,,0,0,0,0,
4,4.79,0,28.05,23.5,0,0,0,-4.45,0,0,0,0,-18.5,0,0,0,0,-0.00229183,0,0,0,0,0,0,0,0,0,1,70,61,0,0.00034,0.00034,3,5,0,0,0,0,0,0,0,0,0,0,1,0,0,0,0,0,0,0,0,0,0,,0,0,0,0,
5,5.27,0,12.15,29,0,0,0,12.2,0,0,0,0,-20.5,0,0,0,0,-0.00229183,0,0,0,0,0,0,0,0,0,1,73,61,0,0.00034,0.00034,3,5,0,0,0,0,0,0,0,0,0,0,1,0,0,0,0,0,0,0,0,0,0,,0,0,0,0,
6,6.46,0,34.1,36.5,0,0,0,-3.95,0,0,0,0,-3.5,0,0,0,0,-0.00229183,0,0,0,0,0,0,0,0,0,1,81,61,0,0.00034,0.00034,3,0,0,0,0,0,0,0,0,0,0,0,1,0,0,0,0,0,0,0,0,0,0,,0,0,0,0,
7,7.23,0,23.7,35,0,0,0,-1.35,0,0,0,0,-9,0,0,0,0,-0.00229183,0,0,0,0,0,0,0,0,0,1,80,61,0,0.00034,0.00034,3,5,0,0,0,0,0,0,0,0,0,0,1,0,0,0,0,0,0,0,0,0,0,,0,0,0,0,
8,7.67,0,37.3,36.5,0,0,0,10.4,0,0,0,0,1.5,0,0,0,0,-0.00229183,0,0,0,0,0,0,0,0,0,1,82,61,0,0.00034,0.00034,3,5,0,0,0,0,0,0,0,0,0,0,1,0,0,0,0,0,0,0,0,0,0,,0,0,0,0,
9,7.67,0,17.7,36.5,0,0,0,-2.45,0,0,0,0,-8.5,0,0,0,0,-0.00229183,0,0,0,0,0,0,0,0,0,1,82,61,0,0.00034,0.00034,3,5,0,0,0,0,0,0,0,0,0,0,1,0,0,0,0,0,0,0,0,0,0,,0,0,0,0,
10,8.28,0,17.35,34,0,0,0,-6,0,0,0,0,-10,0,0,0,0,-0.00229183,0,0,0,0,0,0,0,0,0,1,80,61,0,0.00034,0.00034,3,5,0,0,0,0,0,0,0,0,0,0,1,0,0,0,0,0,0,0,0,0,0,,0,0,0,0,
11,8.71,0,-36.1,30.5,0,0,0,13.3,0,0,0,0,-6.5,0,0,0,0,-0.00229183,0,0,0,0,0,0,0,0,0,1,76,61,0,0.00034,0.00034,3,5,0,0,0,0,0,0,0,0,0,0,1,0,0,0,0,0,0,0,0,0,0,,0,0,0,0,
12,9.44,0,44.55,29.5,0,0,0,10.25,0,0,0,0,1.5,0,0,0,0,-0.00229183,0,0,0,0,0,0,0,0,0,1,75,61,0,0.00034,0.00034,3,5,0,0,0,0,0,0,0,0,0,0,1,0,0,0,0,0,0,0,0,0,0,,0,0,0,0,
13,10.33,0,-32.35,26.5,0,0,0,4.7,0,0,0,0,-11,0,0,0,0,-0.00229183,0,0,0,0,0,0,0,0,0,1,72,61,0,0.00034,0.00034,3,5,0,0,0,0,0,0,0,0,0,0,1,0,0,0,0,0,0,0,0,0,0,,0,0,0,0,
14,10.73,0,6.3,23.5,0,0,0,-4.45,0,0,0,0,-22,0,0,0,0,-0.00229183,0,0,0,0,0,0,0,0,0,1,69,61,0,0.00034,0.00034,3,5,0,0,0,0,0,0,0,0,0,0,1,0,0,0,0,0,0,0,0,0,0,,0,0,0,0,
15,11.14,0,-0.35,25.5,0,0,0,-13,0,0,0,0,-20,0,0,0,0,-0.00229183,0,0,0,0,0,0,0,0,0,1,71,61,0,0.00034,0.00034,3,5,0,0,0,0,0,0,0,0,0,0,1,0,0,0,0,0,0,0,0,0,0,,0,0,0,0,
16,12.11,0,-31.7,26,0,0,0,3.25,0,0,0,0,-11,0,0,0,0,-0.00229183,0,0,0,0,0,0,0,0,0,1,72,61,0,0.00034,0.00034,3,5,0,0,0,0,0,0,0,0,0,0,1,0,0,0,0,0,0,0,0,0,0,,0,0,0,0,
17,12.78,0,20.6,25.5,0,0,0,4.95,0,0,0,0,-15,0,0,0,0,-0.00229183,0,0,0,0,0,0,0,0,0,1,71,61,0,0.00034,0.00034,3,5,0,0,0,0,0,0,0,0,0,0,1,0,0,0,0,0,0,0,0,0,0,,0,0,0,0,
18,13.7,0,-43.8,28,0,0,0,-9.3,0,0,0,0,-1.5,0,0,0,0,-0.00229183,0,0,0,0,0,0,0,0,0,1,74,61,0,0.00034,0.00034,3,5,0,0,0,0,0,0,0,0,0,0,1,0,0,0,0,0,0,0,0,0,0,,0,0,0,0,
19,14,0,-29.7,24,0,0,0,-12.05,0,0,0,0,-12.5,0,0,0,0,-0.00229183,0,0,0,0,0,0,0,0,0,1,70,61,0,0.00034,0.00034,3,5,0,0,0,0,0,0,0,0,0,0,1,0,0,0,0,0,0,0,0,0,0,,0,0,0,0,
20,14.58,0,12,24.5,0,0,0,3.55,0,0,0,0,-17,0,0,0,0,-0.00229183,0,0,0,0,0,0,0,0,0,1,71,61,0,0.00034,0.00034,3,5,0,0,0,0,0,0,0,0,0,0,1,0,0,0,0,0,0,0,0,0,0,,0,0,0,0,
21,16.09,0,19.05,25.5,0,0,0,0.4,0,0,0,0,-14,0,0,0,0,-0.00229183,0,0,0,0,0,0,0,0,0,1,71,61,0,0.00034,0.00034,3,5,0,0,0,0,0,0,0,0,0,0,1,0,0,0,0,0,0,0,0,0,0,,0,0,0,0,
22,16.86,0,16.8,32.5,0,0,0,1.9,0,0,0,0,-7.5,0,0,0,0,-0.00229183,0,0,0,0,0,0,0,0,0,1,78,61,0,0.00034,0.00034,3,5,0,0,0,0,0,0,0,0,0,0,1,0,0,0,0,0,0,0,0,0,0,,0,0,0,0,
23,18.02,0,16.3,22.5,0,0,0,-3.75,0,0,0,0,-17,0,0,0,0,-0.00229183,0,0,0,0,0,0,0,0,0,1,68,61,0,0.00034,0.00034,3,5,0,0,0,0,0,0,0,0,0,0,1,0,0,0,0,0,0,0,0,0,0,,0,0,0,0,
24,18.31,0,8.6,21.5,0,0,0,-0.7,0,0,0,0,-20,0,0,0,0,-0.00229183,0,0,0,0,0,0,0,0,0,1,67,61,0,0.00034,0.00034,3,5,0,0,0,0,0,0,0,0,0,0,1,0,0,0,0,0,0,0,0,0,0,,0,0,0,0,
25,18.84,0,-50.85,24,0,0,0,5.25,0,0,0,0,1.5,0,0,0,0,-0.00229183,0,0,0,0,0,0,0,0,0,1,69,61,0,0.00034,0.00034,3,5,0,0,0,0,0,0,0,0,0,0,1,0,0,0,0,0,0,0,0,0,0,,0,0,0,0,
26,19.49,0,18.35,18,0,0,0,5.9,0,0,0,0,-21.5,0,0,0,0,-0.00229183,0,0,0,0,0,0,0,0,0,1,63,61,0,0.00034,0.00034,3,5,0,0,0,0,0,0,0,0,0,0,1,0,0,0,0,0,0,0,0,0,0,,0,0,0,0,
27,25.57,0,7.3,20.5,0,0,3.12966e-33,3.2,0,0,0,0,-17.5,0,0,0,0,-0.00229183,0,0,0,0,5.54525e-40,0,0,0,0,1,65,61,0,0.00034,0.00034,3,5,0,0,0,4.62855e-38,0,0,0,0,0,0,1,0,0,0,0,0,0,0,0,4.62855e-38,0,,0,0,0,0,
28,31.51,0,-8.8,27,0,0,0,6.45,0,0,0,0,-9.5,0,0,0,0,-0.00229183,0,0,0,0,0,0,0,0,0,1,71,61,0,0.00034,0.00034,2,-1,0,0,0,0,0,0,0,0,0,0,1,0,0,0,0,0,0,0,0,0,0,,0,0,0,0,
29,33.38,0,7.9,22.5,0,0,0,-5,0,0,0,0,-12.5,0,0,0,0,-0.00229183,0,0,0,0,0,0,0,0,0,1,66,61,0,0.00034,0.00034,3,5,0,0,0,0,0,0,0,0,0,0,1,0,0,0,0,0,0,0,0,0,0,,0,0,0,0,
END,Total:30
START,FrameNb:2,CameraNb:0,HeSaiNb:0,ARS410Nb:0
2026/05/22 13:41:34:991---->
heightOffset:0,1779428494991,97704,selfCaliBufCnt:0,selfAccObjCnt:0,selfAccAngle:0,installHAngleOffset:0,Interpolation:0,installVAngleOffset:0,radarOffsetH:0,radarOffsetV:0.32,Polynom:-0.001023;-0.0511;-2.047;0;0;0;-0.001023;-0.0511;-2.047;-25.5;0;0,WheelDirection:0;0;0;0,selfAngleOffset:0,selfAngleOffsetPit:0,currCaliAngleHrz:0,currCaliAnglePit:0,selfCaliAngleHrz:0,selfCaliAnglePit:0,servCaliAngleHrz:0,servCaliAnglePit:0,offlineCaliAngleHrz:0,offlineCaliAnglePit:0,determine2useFlag:0,IMU_Z_Accel:-21.592,IMU_X_AngularRate:-2.093,IMU_Y_AngularRate:-2.093,IMU_RollAngle:-180,IMU_PitchAngle:-180,IMU_YawAngle:-180,FcwID:0,FCWWarningLevel:0,FCWTTC:0
0,0.94,0,6.7,35.5,0,0,0,-3.3,1.71472e-31,0,0,0,-14.5,0,0,0,0,-0.00229183,0,0,0,0,0,0,0,0,0,1,85,57,0,0.00034,0.00034,3,5,0,0,0,0,0,0,0,0,0,0,1,0,1,0,0,0,0,0,0,0,0,,0,0,0,0,
1,1.75,0,9.6,33.5,0,0,0,-10.8,0,0,0,0,-14.5,0,0,0,0,-0.00229183,0,0,0,0,0,0,0,0,0,1,82,57,0,0.00034,0.00034,3,0,0,0,0,0,0,0,0,0,0,0,1,0,1,0,0,0,0,0,0,0,0,,0,0,0,0,
2,2.34,0,10.5,27,0,0,0,-0.2,0,0,0,0,-21,0,0,0,0,-0.00229183,0,0,0,0,0,0,0,0,0,1,76,57,0,0.00034,0.00034,3,5,0,0,0,0,0,0,0,0,0,0,1,0,1,0,0,0,0,0,0,0,0,,0,0,0,0,
3,3.56,0,-39.95,24,0,0,0,8.65,0,0,0,0,-14,0,0,0,0,-0.00229183,0,0,0,0,0,0,0,0,0,1,72,57,0,0.00034,0.00034,3,5,0,0,0,0,0,0,0,0,0,0,1,0,1,0,0,0,0,0,0,0,0,,0,0,0,0,
4,4.81,0,2.2,25,0,0,0,-13,0,0,0,0,-25.5,0,0,0,0,-0.00229183,0,0,0,0,0,0,0,0,0,1,71,57,0,0.00034,0.00034,3,5,0,0,0,0,0,0,0,0,0,0,1,0,1,0,0,0,0,0,0,0,0,,0,0,0,0,
5,5.28,0,12.1,28.5,0,0,0,12.4,0,0,0,0,-20.5,0,0,0,0,-0.00229183,0,0,0,0,0,0,0,0,0,1,73,57,0,0.00034,0.00034,3,5,0,0,0,0,0,0,0,0,0,0,1,0,1,0,0,0,0,0,0,0,0,,0,0,0,0,
6,6.46,0,34.05,36.5,0,0,0,-3.95,0,0,0,0,-3.5,0,0,0,0,-0.00229183,0,0,0,0,0,0,0,0,0,1,81,57,0,0.00034,0.00034,3,0,0,0,0,0,0,0,0,0,0,0,1,0,1,0,0,0,0,0,0,0,0,,0,0,0,0,
7,7.23,0,23.7,34.5,0,0,0,-1.3,0,0,0,0,-9,0,0,0,0,-0.00229183,0,0,0,0,0,0,0,0,0,1,80,57,0,0.00034,0.00034,3,5,0,0,0,0,0,0,0,0,0,0,1,0,1,0,0,0,0,0,0,0,0,,0,0,0,0,
8,7.67,0,37.3,36.5,0,0,0,10.25,0,0,0,0,1.5,0,0,0,0,-0.00229183,0,0,0,0,0,0,0,0,0,1,82,57,0,0.00034,0.00034,3,5,0,0,0,0,0,0,0,0,0,0,1,0,1,0,0,0,0,0,0,0,0,,0,0,0,0,
9,7.67,0,17.7,36.5,0,0,0,-2.45,0,0,0,0,-8.5,0,0,0,0,-0.00229183,0,0,0,0,0,0,0,0,0,1,82,57,0,0.00034,0.00034,3,5,0,0,0,0,0,0,0,0,0,0,1,0,1,0,0,0,0,0,0,0,0,,0,0,0,0,
10,8.28,0,17.4,34,0,0,0,-6,0,0,0,0,-10,0,0,0,0,-0.00229183,0,0,0,0,0,0,0,0,0,1,80,57,0,0.00034,0.00034,3,5,0,0,0,0,0,0,0,0,0,0,1,0,1,0,0,0,0,0,0,0,0,,0,0,0,0,
11,9.07,0,-43.1,29.5,0,0,0,-13.05,0,0,0,0,-3,0,0,0,0,-0.00229183,0,0,0,0,0,0,0,0,0,1,75,57,0,0.00034,0.00034,3,5,0,0,0,0,0,0,0,0,0,0,1,0,1,0,0,0,0,0,0,0,0,,0,0,0,0,
12,9.39,0,44.55,29.5,0,0,0,10.15,0,0,0,0,1.5,0,0,0,0,-0.00229183,0,0,0,0,0,0,0,0,0,1,75,57,0,0.00034,0.00034,3,5,0,0,0,0,0,0,0,0,0,0,1,0,1,0,0,0,0,0,0,0,0,,0,0,0,0,
13,10.28,0,-32.7,27,0,0,0,-13.85,0,0,0,0,-10.5,0,0,0,0,-0.00229183,0,0,0,0,0,0,0,0,0,1,73,57,0,0.00034,0.00034,3,5,0,0,0,0,0,0,0,0,0,0,1,0,1,0,0,0,0,0,0,0,0,,0,0,0,0,
14,10.74,0,6.1,23,0,0,0,-4.7,0,0,0,0,-22,0,0,0,0,-0.00229183,0,0,0,0,0,0,0,0,0,1,69,57,0,0.00034,0.00034,3,5,0,0,0,0,0,0,0,0,0,0,1,0,1,0,0,0,0,0,0,0,0,,0,0,0,0,
15,11.14,0,13.3,24.5,0,0,0,0.15,0,0,0,0,-18.5,0,0,0,0,-0.00229183,0,0,0,0,0,0,0,0,0,1,71,57,0,0.00034,0.00034,3,5,0,0,0,0,0,0,0,0,0,0,1,0,1,0,0,0,0,0,0,0,0,,0,0,0,0,
16,12.13,0,-31.7,25.5,0,0,0,3.05,0,0,0,0,-11,0,0,0,0,-0.00229183,0,0,0,0,0,0,0,0,0,1,72,57,0,0.00034,0.00034,3,5,0,0,0,0,0,0,0,0,0,0,1,0,1,0,0,0,0,0,0,0,0,,0,0,0,0,
17,12.78,0,20.7,25.5,0,0,0,5.2,0,0,0,0,-15,0,0,0,0,-0.00229183,0,0,0,0,0,0,0,0,0,1,71,57,0,0.00034,0.00034,3,5,0,0,0,0,0,0,0,0,0,0,1,0,1,0,0,0,0,0,0,0,0,,0,0,0,0,
18,13.71,0,20,28,0,0,0,-2.35,0,0,0,0,-11.5,0,0,0,0,-0.00229183,0,0,0,0,0,0,0,0,0,1,74,57,0,0.00034,0.00034,3,5,0,0,0,0,0,0,0,0,0,0,1,0,1,0,0,0,0,0,0,0,0,,0,0,0,0,
19,14.38,0,20.5,24.5,0,0,0,-0.75,0,0,0,0,-14.5,0,0,0,0,-0.00229183,0,0,0,0,0,0,0,0,0,1,71,57,0,0.00034,0.00034,3,5,0,0,0,0,0,0,0,0,0,0,1,0,1,0,0,0,0,0,0,0,0,,0,0,0,0,
20,16.08,0,19.05,25,0,0,0,0.4,0,0,0,0,-14,0,0,0,0,-0.00229183,0,0,0,0,0,0,0,0,0,1,71,57,0,0.00034,0.00034,3,5,0,0,0,0,0,0,0,0,0,0,1,0,1,0,0,0,0,0,0,0,0,,0,0,0,0,
21,16.86,0,16.8,32,0,0,0,1.9,0,0,0,0,-7.5,0,0,0,0,-0.00229183,0,0,0,0,0,0,0,0,0,1,78,57,0,0.00034,0.00034,3,5,0,0,0,0,0,0,0,0,0,0,1,0,1,0,0,0,0,0,0,0,0,,0,0,0,0,
22,17.94,0,16,22,0,0,0,-3.05,0,0,0,0,-17,0,0,0,0,-0.00229183,0,0,0,0,0,0,0,0,0,1,68,57,0,0.00034,0.00034,3,5,0,0,0,0,0,0,0,0,0,0,1,0,1,0,0,0,0,0,0,0,0,,0,0,0,0,
23,18.31,0,8.5,20.5,0,0,0,-0.95,0,0,0,0,-20.5,0,0,0,0,-0.00229183,0,0,0,0,0,0,0,0,0,1,66,57,0,0.00034,0.00034,3,5,0,0,0,0,0,0,0,0,0,0,1,0,1,0,0,0,0,0,0,0,0,,0,0,0,0,
24,18.8,0,-50.9,23.5,0,0,0,5.55,0,0,0,0,1,0,0,0,0,-0.00229183,0,0,0,0,0,0,0,0,0,1,69,57,0,0.00034,0.00034,3,5,0,0,0,0,0,0,0,0,0,0,1,0,1,0,0,0,0,0,0,0,0,,0,0,0,0,
25,19.49,0,18.65,18,0,0,0,5.95,0,0,0,0,-21,0,0,0,0,-0.00229183,0,0,0,0,0,0,0,0,0,1,64,57,0,0.00034,0.00034,3,5,0,0,0,0,0,0,0,0,0,0,1,0,1,0,0,0,0,0,0,0,0,,0,0,0,0,
26,25.5,0,7.35,19.5,0,0,0,-8.8,0,0,0,0,-18,0,0,0,0,-0.00229183,0,0,0,0,0,0,0,0,0,1,65,57,0,0.00034,0.00034,3,5,0,0,0,0,0,0,0,0,0,0,1,0,1,0,0,0,0,0,0,0,0,,0,0,0,0,
27,31.51,0,5.05,26.5,0,0,3.12966e-33,-13,0,0,0,0,-9,0,0,0,0,-0.00229183,0,0,0,0,5.54525e-40,0,0,0,0,1,71,57,0,0.00034,0.00034,3,5,0,0,0,4.62855e-38,0,0,0,0,0,0,1,0,1,0,0,0,0,0,0,4.62855e-38,0,,0,0,0,0,
28,33.38,0,7.9,21.5,0,0,0,-5.6,0,0,0,0,-12.5,0,0,0,0,-0.00229183,0,0,0,0,0,0,0,0,0,1,66,57,0,0.00034,0.00034,3,5,0,0,0,0,0,0,0,0,0,0,1,0,1,0,0,0,0,0,0,0,0,,0,0,0,0,
END,Total:29
START,FrameNb:3,CameraNb:0,HeSaiNb:0,ARS410Nb:0
2026/05/22 13:41:35:023---->
heightOffset:0,1779428495023,97764,selfCaliBufCnt:0,selfAccObjCnt:0,selfAccAngle:0,installHAngleOffset:0,Interpolation:0,installVAngleOffset:0,radarOffsetH:0,radarOffsetV:0.32,Polynom:-0.001023;-0.0511;-2.047;0;0;0;-0.001023;-0.0511;-2.047;-25.5;0;0,WheelDirection:0;0;0;0,selfAngleOffset:0,selfAngleOffsetPit:0,currCaliAngleHrz:0,currCaliAnglePit:0,selfCaliAngleHrz:0,selfCaliAnglePit:0,servCaliAngleHrz:0,servCaliAnglePit:0,offlineCaliAngleHrz:0,offlineCaliAnglePit:0,determine2useFlag:0,IMU_Z_Accel:-21.592,IMU_X_AngularRate:-2.093,IMU_Y_AngularRate:-2.093,IMU_RollAngle:-180,IMU_PitchAngle:-180,IMU_YawAngle:-180,FcwID:0,FCWWarningLevel:0,FCWTTC:0
0,0.94,0,6.8,35.5,0,0,0,-3.35,1.71472e-31,0,0,0,-14.5,0,0,0,0,-0.00229183,0,0,0,0,0,0,0,0,0,1,85,65,0,0.00034,0.00034,3,5,0,0,0,0,0,0,0,0,0,0,1,0,0,0,0,0,0,0,0,0,0,,0,0,0,0,
1,1.76,0,9.65,33.5,0,0,0,-10.85,0,0,0,0,-14.5,0,0,0,0,-0.00229183,0,0,0,0,0,0,0,0,0,1,82,65,0,0.00034,0.00034,3,0,0,0,0,0,0,0,0,0,0,0,1,0,0,0,0,0,0,0,0,0,0,,0,0,0,0,
2,2.34,0,10.7,26.5,0,0,0,-0.3,0,0,0,0,-21,0,0,0,0,-0.00229183,0,0,0,0,0,0,0,0,0,1,75,65,0,0.00034,0.00034,3,5,0,0,0,0,0,0,0,0,0,0,1,0,0,0,0,0,0,0,0,0,0,,0,0,0,0,
3,3.56,0,43.8,23.5,0,0,0,3.3,0,0,0,0,-8,0,0,0,0,-0.00229183,0,0,0,0,0,0,0,0,0,1,71,65,0,0.00034,0.00034,3,5,0,0,0,0,0,0,0,0,0,0,1,0,0,0,0,0,0,0,0,0,0,,0,0,0,0,
4,4.98,0,2.3,24.5,0,0,0,-12.6,0,0,0,0,-25.5,0,0,0,0,-0.00229183,0,0,0,0,0,0,0,0,0,1,70,65,0,0.00034,0.00034,3,5,0,0,0,0,0,0,0,0,0,0,1,0,0,0,0,0,0,0,0,0,0,,0,0,0,0,
5,5.28,0,-61.7,28.5,0,0,0,5.05,0,0,0,0,4.5,0,0,0,0,-0.00229183,0,0,0,0,0,0,0,0,0,1,73,65,0,0.00034,0.00034,2,-1,0,0,0,0,0,0,0,0,0,0,1,0,0,0,0,0,0,0,0,0,0,,0,0,0,0,
6,6.46,0,34.05,36,0,0,0,-3.85,0,0,0,0,-3.5,0,0,0,0,-0.00229183,0,0,0,0,0,0,0,0,0,1,81,65,0,0.00034,0.00034,3,0,0,0,0,0,0,0,0,0,0,0,1,0,0,0,0,0,0,0,0,0,0,,0,0,0,0,
7,7.23,0,23.7,34.5,0,0,0,-1.45,0,0,0,0,-9,0,0,0,0,-0.00229183,0,0,0,0,0,0,0,0,0,1,80,65,0,0.00034,0.00034,3,5,0,0,0,0,0,0,0,0,0,0,1,0,0,0,0,0,0,0,0,0,0,,0,0,0,0,
8,7.67,0,37.3,36,0,0,0,10.2,0,0,0,0,1.5,0,0,0,0,-0.00229183,0,0,0,0,0,0,0,0,0,1,82,65,0,0.00034,0.00034,3,5,0,0,0,0,0,0,0,0,0,0,1,0,0,0,0,0,0,0,0,0,0,,0,0,0,0,
9,7.67,0,17.7,36,0,0,0,-2.45,0,0,0,0,-8.5,0,0,0,0,-0.00229183,0,0,0,0,0,0,0,0,0,1,82,65,0,0.00034,0.00034,3,5,0,0,0,0,0,0,0,0,0,0,1,0,0,0,0,0,0,0,0,0,0,,0,0,0,0,
10,8.28,0,17.4,33.5,0,0,0,-6.05,0,0,0,0,-10,0,0,0,0,-0.00229183,0,0,0,0,0,0,0,0,0,1,80,65,0,0.00034,0.00034,3,5,0,0,0,0,0,0,0,0,0,0,1,0,0,0,0,0,0,0,0,0,0,,0,0,0,0,
11,9.07,0,-42.95,29,0,0,0,-12.7,0,0,0,0,-3,0,0,0,0,-0.00229183,0,0,0,0,0,0,0,0,0,1,75,65,0,0.00034,0.00034,3,5,0,0,0,0,0,0,0,0,0,0,1,0,0,0,0,0,0,0,0,0,0,,0,0,0,0,
12,9.42,0,44.7,29,0,0,0,10.3,0,0,0,0,1.5,0,0,0,0,-0.00229183,0,0,0,0,0,0,0,0,0,1,75,65,0,0.00034,0.00034,3,5,0,0,0,0,0,0,0,0,0,0,1,0,0,0,0,0,0,0,0,0,0,,0,0,0,0,
13,10.28,0,15.4,26.5,0,0,0,15,0,0,0,0,-15.5,0,0,0,0,-0.00229183,0,0,0,0,0,0,0,0,0,1,73,65,0,0.00034,0.00034,3,5,0,0,0,0,0,0,0,0,0,0,1,0,0,0,0,0,0,0,0,0,0,,0,0,0,0,
14,10.73,0,-33.4,22.5,0,0,0,1.65,0,0,0,0,-14,0,0,0,0,-0.00229183,0,0,0,0,0,0,0,0,0,1,69,65,0,0.00034,0.00034,3,5,0,0,0,0,0,0,0,0,0,0,1,0,0,0,0,0,0,0,0,0,0,,0,0,0,0,
15,11.14,0,13.3,24,0,0,0,0.25,0,0,0,0,-18,0,0,0,0,-0.00229183,0,0,0,0,0,0,0,0,0,1,71,65,0,0.00034,0.00034,3,5,0,0,0,0,0,0,0,0,0,0,1,0,0,0,0,0,0,0,0,0,0,,0,0,0,0,
16,12.09,0,-31.4,25,0,0,0,3.2,0,0,0,0,-10.5,0,0,0,0,-0.00229183,0,0,0,0,0,0,0,0,0,1,72,65,0,0.00034,0.00034,3,5,0,0,0,0,0,0,0,0,0,0,1,0,0,0,0,0,0,0,0,0,0,,0,0,0,0,
17,12.77,0,21,24.5,0,0,0,4.95,0,0,0,0,-13.5,0,0,0,0,-0.00229183,0,0,0,0,0,0,0,0,0,1,71,65,0,0.00034,0.00034,3,5,0,0,0,0,0,0,0,0,0,0,1,0,0,0,0,0,0,0,0,0,0,,0,0,0,0,
18,13.7,0,-43.85,27,0,0,0,-10.1,0,0,0,0,-1.5,0,0,0,0,-0.00229183,0,0,0,0,0,0,0,0,0,1,74,65,0,0.00034,0.00034,3,5,0,0,0,0,0,0,0,0,0,0,1,0,0,0,0,0,0,0,0,0,0,,0,0,0,0,
19,16.1,0,18.95,23.5,0,0,0,-15,0,0,0,0,-15,0,0,0,0,-0.00229183,0,0,0,0,0,0,0,0,0,1,71,65,0,0.00034,0.00034,3,5,0,0,0,0,0,0,0,0,0,0,1,0,0,0,0,0,0,0,0,0,0,,0,0,0,0,
20,16.86,0,16.8,31,0,0,0,1.8,0,0,0,0,-7.5,0,0,0,0,-0.00229183,0,0,0,0,0,0,0,0,0,1,78,65,0,0.00034,0.00034,3,5,0,0,0,0,0,0,0,0,0,0,1,0,0,0,0,0,0,0,0,0,0,,0,0,0,0,
21,18.05,0,16.15,21,0,0,0,-3.75,0,0,0,0,-17,0,0,0,0,-0.00229183,0,0,0,0,0,0,0,0,0,1,68,65,0,0.00034,0.00034,3,5,0,0,0,0,0,0,0,0,0,0,1,0,0,0,0,0,0,0,0,0,0,,0,0,0,0,
22,18.3,0,9.05,20,0,0,0,-0.7,0,0,0,0,-20,0,0,0,0,-0.00229183,0,0,0,0,0,0,0,0,0,1,67,65,0,0.00034,0.00034,3,5,0,0,0,0,0,0,0,0,0,0,1,0,0,0,0,0,0,0,0,0,0,,0,0,0,0,
23,18.84,0,13.3,22,0,0,0,13.7,0,0,0,0,-16.5,0,0,0,0,-0.00229183,0,0,0,0,0,0,0,0,0,1,69,65,0,0.00034,0.00034,3,5,0,0,0,0,0,0,0,0,0,0,1,0,0,0,0,0,0,0,0,0,0,,0,0,0,0,
24,25.58,0,7.35,18.5,0,0,0,-7.05,0,0,0,0,-17.5,0,0,0,0,-0.00229183,0,0,0,0,0,0,0,0,0,1,65,65,0,0.00034,0.00034,3,5,0,0,0,0,0,0,0,0,0,0,1,0,0,0,0,0,0,0,0,0,0,,0,0,0,0,
25,31.51,0,-64.7,24.5,0,0,0,-5.6,0,0,0,0,19,0,0,0,0,-0.00229183,0,0,0,0,0,0,0,0,0,1,71,65,0,0.00034,0.00034,2,-1,0,0,0,0,0,0,0,0,0,0,1,0,0,0,0,0,0,0,0,0,0,,0,0,0,0,
26,33.38,0,8,20,0,0,0,-1.2,0,0,0,0,-12.5,0,0,0,0,-0.00229183,0,0,0,0,0,0,0,0,0,1,66,65,0,0.00034,0.00034,3,5,0,0,0,0,0,0,0,0,0,0,1,0,0,0,0,0,0,0,0,0,0,,0,0,0,0,
END,Total:27
START,FrameNb:4,CameraNb:0,HeSaiNb:0,ARS410Nb:0
2026/05/22 13:41:35:084---->
heightOffset:0,1779428495084,97832,selfCaliBufCnt:0,selfAccObjCnt:0,selfAccAngle:0,installHAngleOffset:0,Interpolation:0,installVAngleOffset:0,radarOffsetH:0,radarOffsetV:0.32,Polynom:-0.001023;-0.0511;-2.047;0;0;0;-0.001023;-0.0511;-2.047;-25.5;0;0,WheelDirection:0;0;0;0,selfAngleOffset:0,selfAngleOffsetPit:0,currCaliAngleHrz:0,currCaliAnglePit:0,selfCaliAngleHrz:0,selfCaliAnglePit:0,servCaliAngleHrz:0,servCaliAnglePit:0,offlineCaliAngleHrz:0,offlineCaliAnglePit:0,determine2useFlag:0,IMU_Z_Accel:-21.592,IMU_X_AngularRate:-2.093,IMU_Y_AngularRate:-2.093,IMU_RollAngle:-180,IMU_PitchAngle:-180,IMU_YawAngle:-180,FcwID:0,FCWWarningLevel:0,FCWTTC:0
0,0.94,0,6.7,35,0,0,0,-3.3,1.71472e-31,0,0,0,-14.5,0,0,0,0,-0.00229183,0,0,0,0,0,0,0,0,0,1,85,62,0,0.00034,0.00034,3,5,0,0,0,0,0,0,0,0,0,0,1,0,1,0,0,0,0,0,0,0,0,,0,0,0,0,
1,1.76,0,9.7,33.5,0,0,0,-10.8,0,0,0,0,-14.5,0,0,0,0,-0.00229183,0,0,0,0,0,0,0,0,0,1,82,62,0,0.00034,0.00034,3,0,0,0,0,0,0,0,0,0,0,0,1,0,1,0,0,0,0,0,0,0,0,,0,0,0,0,
2,2.55,0,10.6,27,0,0,0,-11.8,0,0,0,0,-20.5,0,0,0,0,-0.00229183,0,0,0,0,0,0,0,0,0,1,76,62,0,0.00034,0.00034,3,5,0,0,0,0,0,0,0,0,0,0,1,0,1,0,0,0,0,0,0,0,0,,0,0,0,0,
3,3.55,0,-40.1,23.5,0,0,0,8.9,0,0,0,0,-13,0,0,0,0,-0.00229183,0,0,0,0,0,0,0,0,0,1,71,62,0,0.00034,0.00034,3,5,0,0,0,0,0,0,0,0,0,0,1,0,1,0,0,0,0,0,0,0,0,,0,0,0,0,
4,4.98,0,2.4,24.5,0,0,0,-12.45,0,0,0,0,-25.5,0,0,0,0,-0.00229183,0,0,0,0,0,0,0,0,0,1,70,62,0,0.00034,0.00034,3,5,0,0,0,0,0,0,0,0,0,0,1,0,1,0,0,0,0,0,0,0,0,,0,0,0,0,
5,5.28,0,-61.7,28.5,0,0,0,4.95,0,0,0,0,4,0,0,0,0,-0.00229183,0,0,0,0,0,0,0,0,0,1,73,62,0,0.00034,0.00034,3,5,0,0,0,0,0,0,0,0,0,0,1,0,1,0,0,0,0,0,0,0,0,,0,0,0,0,
6,6.46,0,34.1,36.5,0,0,0,-3.95,0,0,0,0,-3.5,0,0,0,0,-0.00229183,0,0,0,0,0,0,0,0,0,1,81,62,0,0.00034,0.00034,3,0,0,0,0,0,0,0,0,0,0,0,1,0,1,0,0,0,0,0,0,0,0,,0,0,0,0,
7,7.23,0,23.7,35,0,0,0,-1.3,0,0,0,0,-9,0,0,0,0,-0.00229183,0,0,0,0,0,0,0,0,0,1,80,62,0,0.00034,0.00034,3,5,0,0,0,0,0,0,0,0,0,0,1,0,1,0,0,0,0,0,0,0,0,,0,0,0,0,
8,7.67,0,37.3,36.5,0,0,0,10.3,0,0,0,0,1.5,0,0,0,0,-0.00229183,0,0,0,0,0,0,0,0,0,1,82,62,0,0.00034,0.00034,3,5,0,0,0,0,0,0,0,0,0,0,1,0,1,0,0,0,0,0,0,0,0,,0,0,0,0,
9,7.67,0,17.7,36.5,0,0,0,-2.55,0,0,0,0,-8.5,0,0,0,0,-0.00229183,0,0,0,0,0,0,0,0,0,1,82,62,0,0.00034,0.00034,3,5,0,0,0,0,0,0,0,0,0,0,1,0,1,0,0,0,0,0,0,0,0,,0,0,0,0,
10,8.28,0,17.4,34,0,0,0,-6,0,0,0,0,-10,0,0,0,0,-0.00229183,0,0,0,0,0,0,0,0,0,1,80,62,0,0.00034,0.00034,3,5,0,0,0,0,0,0,0,0,0,0,1,0,1,0,0,0,0,0,0,0,0,,0,0,0,0,
11,9.07,0,-43.1,29.5,0,0,0,-12.3,0,0,0,0,-3,0,0,0,0,-0.00229183,0,0,0,0,0,0,0,0,0,1,75,62,0,0.00034,0.00034,3,5,0,0,0,0,0,0,0,0,0,0,1,0,1,0,0,0,0,0,0,0,0,,0,0,0,0,
12,9.44,0,44.65,29.5,0,0,0,10.3,0,0,0,0,1.5,0,0,0,0,-0.00229183,0,0,0,0,0,0,0,0,0,1,75,62,0,0.00034,0.00034,3,5,0,0,0,0,0,0,0,0,0,0,1,0,1,0,0,0,0,0,0,0,0,,0,0,0,0,
13,10.28,0,-32.85,27,0,0,0,-13.7,0,0,0,0,-10.5,0,0,0,0,-0.00229183,0,0,0,0,0,0,0,0,0,1,73,62,0,0.00034,0.00034,3,5,0,0,0,0,0,0,0,0,0,0,1,0,1,0,0,0,0,0,0,0,0,,0,0,0,0,
14,11.14,0,13.2,24.5,0,0,0,0.95,0,0,0,0,-18,0,0,0,0,-0.00229183,0,0,0,0,0,0,0,0,0,1,71,62,0,0.00034,0.00034,3,5,0,0,0,0,0,0,0,0,0,0,1,0,1,0,0,0,0,0,0,0,0,,0,0,0,0,
15,11.76,0,9.4,25.5,0,0,0,9.8,0,0,0,0,-18,0,0,0,0,-0.00229183,0,0,0,0,0,0,0,0,0,1,72,62,0,0.00034,0.00034,3,5,0,0,0,0,0,0,0,0,0,0,1,0,1,0,0,0,0,0,0,0,0,,0,0,0,0,
16,12.78,0,20.9,25,0,0,0,4.95,0,0,0,0,-14.5,0,0,0,0,-0.00229183,0,0,0,0,0,0,0,0,0,1,72,62,0,0.00034,0.00034,3,5,0,0,0,0,0,0,0,0,0,0,1,0,1,0,0,0,0,0,0,0,0,,0,0,0,0,
17,13.7,0,-43.85,27.5,0,0,0,-9.3,0,0,0,0,-1.5,0,0,0,0,-0.00229183,0,0,0,0,0,0,0,0,0,1,74,62,0,0.00034,0.00034,3,5,0,0,0,0,0,0,0,0,0,0,1,0,1,0,0,0,0,0,0,0,0,,0,0,0,0,
18,16.08,0,19.2,24.5,0,0,0,0.55,0,0,0,0,-14,0,0,0,0,-0.00229183,0,0,0,0,0,0,0,0,0,1,71,62,0,0.00034,0.00034,3,5,0,0,0,0,0,0,0,0,0,0,1,0,1,0,0,0,0,0,0,0,0,,0,0,0,0,
19,16.86,0,16.8,32,0,0,0,1.9,0,0,0,0,-7.5,0,0,0,0,-0.00229183,0,0,0,0,0,0,0,0,0,1,78,62,0,0.00034,0.00034,3,5,0,0,0,0,0,0,0,0,0,0,1,0,1,0,0,0,0,0,0,0,0,,0,0,0,0,
20,18.03,0,15.95,21.5,0,0,0,-3.45,0,0,0,0,-17,0,0,0,0,-0.00229183,0,0,0,0,0,0,0,0,0,1,68,62,0,0.00034,0.00034,3,5,0,0,0,0,0,0,0,0,0,0,1,0,1,0,0,0,0,0,0,0,0,,0,0,0,0,
21,18.29,0,-57.65,20,0,0,0,7,0,0,0,0,2.5,0,0,0,0,-0.00229183,0,0,0,0,0,0,0,0,0,1,66,62,0,0.00034,0.00034,3,5,0,0,0,0,0,0,0,0,0,0,1,0,1,0,0,0,0,0,0,0,0,,0,0,0,0,
22,18.85,0,13.2,23,0,0,0,-1.35,0,0,0,0,-16.5,0,0,0,0,-0.00229183,0,0,0,0,0,0,0,0,0,1,69,62,0,0.00034,0.00034,3,5,0,0,0,0,0,0,0,0,0,0,1,0,1,0,0,0,0,0,0,0,0,,0,0,0,0,
23,19.49,0,-51.3,17.5,0,0,0,-0.45,0,0,0,0,-4,0,0,0,0,-0.00229183,0,0,0,0,0,0,0,0,0,1,63,62,0,0.00034,0.00034,3,5,0,0,0,0,0,0,0,0,0,0,1,0,1,0,0,0,0,0,0,0,0,,0,0,0,0,
24,25.49,0,7.4,19,0,0,0,2.8,0,0,0,0,-18,0,0,0,0,-0.00229183,0,0,0,0,0,0,0,0,0,1,65,62,0,0.00034,0.00034,3,5,0,0,0,0,0,0,0,0,0,0,1,0,1,0,0,0,0,0,0,0,0,,0,0,0,0,
25,31.5,0,5.15,26.5,0,0,0,-12.95,0,0,0,0,-9,0,0,0,0,-0.00229183,0,0,0,0,0,0,0,0,0,1,72,62,0,0.00034,0.00034,3,5,0,0,0,0,0,0,0,0,0,0,1,0,1,0,0,0,0,0,0,0,0,,0,0,0,0,
26,33.38,0,7.9,21.5,0,0,0,-6.55,0,0,0,0,-12,0,0,0,0,-0.00229183,0,0,0,0,0,0,0,0,0,1,67,62,0,0.00034,0.00034,3,0,0,0,0,0,0,0,0,0,0,0,1,0,1,0,0,0,0,0,0,0,0,,0,0,0,0,
END,Total:27
START,FrameNb:5,CameraNb:0,HeSaiNb:0,ARS410Nb:0
2026/05/22 13:41:35:181---->
heightOffset:0,1779428495181,97888,selfCaliBufCnt:0,selfAccObjCnt:0,selfAccAngle:0,installHAngleOffset:0,Interpolation:0,installVAngleOffset:0,radarOffsetH:0,radarOffsetV:0.32,Polynom:-0.001023;-0.0511;-2.047;0;0;0;-0.001023;-0.0511;-2.047;-25.5;0;0,WheelDirection:0;0;0;0,selfAngleOffset:0,selfAngleOffsetPit:0,currCaliAngleHrz:0,currCaliAnglePit:0,selfCaliAngleHrz:0,selfCaliAnglePit:0,servCaliAngleHrz:0,servCaliAnglePit:0,offlineCaliAngleHrz:0,offlineCaliAnglePit:0,determine2useFlag:0,IMU_Z_Accel:-21.592,IMU_X_AngularRate:-2.093,IMU_Y_AngularRate:-2.093,IMU_RollAngle:-180,IMU_PitchAngle:-180,IMU_YawAngle:-180,FcwID:0,FCWWarningLevel:0,FCWTTC:0
0,0.94,0,6.7,35.5,0,0,0,-3.25,1.71472e-31,0,0,0,-14.5,0,0,0,0,-0.00229183,0,0,0,0,0,0,0,0,0,1,85,60,0,0.00034,0.00034,3,5,0,0,0,0,0,0,0,0,0,0,1,0,0,0,0,0,0,0,0,0,0,,0,0,0,0,
1,1.77,0,9.8,33.5,0,0,0,-10.85,0,0,0,0,-15,0,0,0,0,-0.00229183,0,0,0,0,0,0,0,0,0,1,82,60,0,0.00034,0.00034,3,0,0,0,0,0,0,0,0,0,0,0,1,0,0,0,0,0,0,0,0,0,0,,0,0,0,0,
2,2.55,0,10.65,27.5,0,0,0,-11.55,0,0,0,0,-20.5,0,0,0,0,-0.00229183,0,0,0,0,0,0,0,0,0,1,76,60,0,0.00034,0.00034,3,5,0,0,0,0,0,0,0,0,0,0,1,0,0,0,0,0,0,0,0,0,0,,0,0,0,0,
3,3.46,0,43.6,23.5,0,0,0,3.15,0,0,0,0,-8.5,0,0,0,0,-0.00229183,0,0,0,0,0,0,0,0,0,1,71,60,0,0.00034,0.00034,3,5,0,0,0,0,0,0,0,0,0,0,1,0,0,0,0,0,0,0,0,0,0,,0,0,0,0,
4,5,0,2.55,25,0,0,0,-13.25,0,0,0,0,-25.5,0,0,0,0,-0.00229183,0,0,0,0,0,0,0,0,0,1,71,60,0,0.00034,0.00034,3,5,0,0,0,0,0,0,0,0,0,0,1,0,0,0,0,0,0,0,0,0,0,,0,0,0,0,
5,5.29,0,-61.9,28.5,0,0,0,4.95,0,0,0,0,4.5,0,0,0,0,-0.00229183,0,0,0,0,0,0,0,0,0,1,73,60,0,0.00034,0.00034,3,5,0,0,0,0,0,0,0,0,0,0,1,0,0,0,0,0,0,0,0,0,0,,0,0,0,0,
6,6.46,0,34.05,36.5,0,0,0,-3.85,0,0,0,0,-3.5,0,0,0,0,-0.00229183,0,0,0,0,0,0,0,0,0,1,81,60,0,0.00034,0.00034,3,0,0,0,0,0,0,0,0,0,0,0,1,0,0,0,0,0,0,0,0,0,0,,0,0,0,0,
7,7.23,0,23.7,35,0,0,0,-1.35,0,0,0,0,-9,0,0,0,0,-0.00229183,0,0,0,0,0,0,0,0,0,1,80,60,0,0.00034,0.00034,3,5,0,0,0,0,0,0,0,0,0,0,1,0,0,0,0,0,0,0,0,0,0,,0,0,0,0,
8,7.66,0,37.6,37,0,0,0,-2.55,0,0,0,0,1.5,0,0,0,0,-0.00229183,0,0,0,0,0,0,0,0,0,1,82,60,0,0.00034,0.00034,3,5,0,0,0,0,0,0,0,0,0,0,1,0,0,0,0,0,0,0,0,0,0,,0,0,0,0,
9,7.66,0,17.8,37,0,0,0,-2.95,0,0,0,0,-8.5,0,0,0,0,-0.00229183,0,0,0,0,0,0,0,0,0,1,82,60,0,0.00034,0.00034,3,5,0,0,0,0,0,0,0,0,0,0,1,0,0,0,0,0,0,0,0,0,0,,0,0,0,0,
10,8.28,0,17.4,34,0,0,0,-6.05,0,0,0,0,-10,0,0,0,0,-0.00229183,0,0,0,0,0,0,0,0,0,1,80,60,0,0.00034,0.00034,3,5,0,0,0,0,0,0,0,0,0,0,1,0,0,0,0,0,0,0,0,0,0,,0,0,0,0,
11,9.08,0,-43.3,29.5,0,0,0,-11.25,0,0,0,0,-3.5,0,0,0,0,-0.00229183,0,0,0,0,0,0,0,0,0,1,75,60,0,0.00034,0.00034,3,5,0,0,0,0,0,0,0,0,0,0,1,0,0,0,0,0,0,0,0,0,0,,0,0,0,0,
12,9.37,0,-40.95,29.5,0,0,0,12.45,0,0,0,0,-4.5,0,0,0,0,-0.00229183,0,0,0,0,0,0,0,0,0,1,75,60,0,0.00034,0.00034,3,5,0,0,0,0,0,0,0,0,0,0,1,0,0,0,0,0,0,0,0,0,0,,0,0,0,0,
13,10.28,0,23.4,27.5,0,0,0,9.05,0,0,0,0,-13,0,0,0,0,-0.00229183,0,0,0,0,0,0,0,0,0,1,73,60,0,0.00034,0.00034,3,5,0,0,0,0,0,0,0,0,0,0,1,0,0,0,0,0,0,0,0,0,0,,0,0,0,0,
14,10.73,0,6.05,24,0,0,0,-4.1,0,0,0,0,-22,0,0,0,0,-0.00229183,0,0,0,0,0,0,0,0,0,1,69,60,0,0.00034,0.00034,3,5,0,0,0,0,0,0,0,0,0,0,1,0,0,0,0,0,0,0,0,0,0,,0,0,0,0,
15,11.14,0,13.15,25.5,0,0,0,0.95,0,0,0,0,-18,0,0,0,0,-0.00229183,0,0,0,0,0,0,0,0,0,1,71,60,0,0.00034,0.00034,3,5,0,0,0,0,0,0,0,0,0,0,1,0,0,0,0,0,0,0,0,0,0,,0,0,0,0,
16,11.74,0,-49.05,26,0,0,0,-14,0,0,0,0,0,0,0,0,0,-0.00229183,0,0,0,0,0,0,0,0,0,1,72,60,0,0.00034,0.00034,3,5,0,0,0,0,0,0,0,0,0,0,1,0,0,0,0,0,0,0,0,0,0,,0,0,0,0,
17,12.09,0,-60,26.5,0,0,0,-9,0,0,0,0,7,0,0,0,0,-0.00229183,0,0,0,0,0,0,0,0,0,1,72,60,0,0.00034,0.00034,3,5,0,0,0,0,0,0,0,0,0,0,1,0,0,0,0,0,0,0,0,0,0,,0,0,0,0,
18,12.78,0,20.95,26,0,0,0,4.8,0,0,0,0,-14.5,0,0,0,0,-0.00229183,0,0,0,0,0,0,0,0,0,1,72,60,0,0.00034,0.00034,3,5,0,0,0,0,0,0,0,0,0,0,1,0,0,0,0,0,0,0,0,0,0,,0,0,0,0,
19,13.71,0,19.95,28.5,0,0,0,-2.45,0,0,0,0,-11.5,0,0,0,0,-0.00229183,0,0,0,0,0,0,0,0,0,1,74,60,0,0.00034,0.00034,3,5,0,0,0,0,0,0,0,0,0,0,1,0,0,0,0,0,0,0,0,0,0,,0,0,0,0,
20,14.39,0,20.55,25,0,0,0,-0.7,0,0,0,0,-15,0,0,0,0,-0.00229183,0,0,0,0,0,0,0,0,0,1,71,60,0,0.00034,0.00034,3,5,0,0,0,0,0,0,0,0,0,0,1,0,0,0,0,0,0,0,0,0,0,,0,0,0,0,
21,16.09,0,19.1,26,0,0,0,0.4,0,0,0,0,-14,0,0,0,0,-0.00229183,0,0,0,0,0,0,0,0,0,1,71,60,0,0.00034,0.00034,3,5,0,0,0,0,0,0,0,0,0,0,1,0,0,0,0,0,0,0,0,0,0,,0,0,0,0,
22,16.86,0,16.9,33.5,0,0,0,1.8,0,0,0,0,-7.5,0,0,0,0,-0.00229183,0,0,0,0,0,0,0,0,0,1,78,60,0,0.00034,0.00034,3,5,0,0,0,0,0,0,0,0,0,0,1,0,0,0,0,0,0,0,0,0,0,,0,0,0,0,
23,17.95,0,16.15,23.5,0,0,0,-3.35,0,0,0,0,-17,0,0,0,0,-0.00229183,0,0,0,0,0,0,0,0,0,1,68,60,0,0.00034,0.00034,3,5,0,0,0,0,0,0,0,0,0,0,1,0,0,0,0,0,0,0,0,0,0,,0,0,0,0,
24,18.31,0,-57.35,22,0,0,0,7,0,0,0,0,2.5,0,0,0,0,-0.00229183,0,0,0,0,0,0,0,0,0,1,67,60,0,0.00034,0.00034,3,5,0,0,0,0,0,0,0,0,0,0,1,0,0,0,0,0,0,0,0,0,0,,0,0,0,0,
25,18.84,0,-51.4,24.5,0,0,0,5.4,0,0,0,0,1.5,0,0,0,0,-0.00229183,0,0,0,0,0,0,0,0,0,1,69,60,0,0.00034,0.00034,3,5,0,0,0,0,0,0,0,0,0,0,1,0,0,0,0,0,0,0,0,0,0,,0,0,0,0,
26,19.49,0,18.65,19,0,0,0,5.75,0,0,0,0,-21,0,0,0,0,-0.00229183,0,0,0,0,0,0,0,0,0,1,64,60,0,0.00034,0.00034,3,5,0,0,0,0,0,0,0,0,0,0,1,0,0,0,0,0,0,0,0,0,0,,0,0,0,0,
27,22.81,0,-44.6,21.5,0,0,3.12966e-33,6,0,0,0,0,-5,0,0,0,0,-0.00229183,0,0,0,0,5.54525e-40,0,0,0,0,1,65,60,0,0.00034,0.00034,1,-1,0,0,0,4.62855e-38,0,0,0,0,0,0,1,0,0,0,0,0,0,0,0,4.62855e-38,0,,0,0,0,0,
28,25.59,0,7.3,21,0,0,0,3.2,0,0,0,0,-17.5,0,0,0,0,-0.00229183,0,0,0,0,0,0,0,0,0,1,65,60,0,0.00034,0.00034,3,5,0,0,0,0,0,0,0,0,0,0,1,0,0,0,0,0,0,0,0,0,0,,0,0,0,0,
29,31.5,0,-65.35,28.5,0,0,0,-4.3,0,0,0,0,22,0,0,0,0,-0.00229183,0,0,0,0,0,0,0,0,0,1,72,60,0,0.00034,0.00034,2,-1,0,0,0,0,0,0,0,0,0,0,1,0,0,0,0,0,0,0,0,0,0,,0,0,0,0,
30,33.37,0,7.9,23.5,0,0,0,-4.55,0,0,0,0,-12.5,0,0,0,0,-0.00229183,0,0,0,0,0,0,0,0,0,1,66,60,0,0.00034,0.00034,3,5,0,0,0,0,0,0,0,0,0,0,1,0,0,0,0,0,0,0,0,0,0,,0,0,0,0,
END,Total:31
START,FrameNb:6,CameraNb:0,HeSaiNb:0,ARS410Nb:0
2026/05/22 13:41:35:224---->
heightOffset:0,1779428495224,97948,selfCaliBufCnt:0,selfAccObjCnt:0,selfAccAngle:0,installHAngleOffset:0,Interpolation:0,installVAngleOffset:0,radarOffsetH:0,radarOffsetV:0.32,Polynom:-0.001023;-0.0511;-2.047;0;0;0;-0.001023;-0.0511;-2.047;-25.5;0;0,WheelDirection:0;0;0;0,selfAngleOffset:0,selfAngleOffsetPit:0,currCaliAngleHrz:0,currCaliAnglePit:0,selfCaliAngleHrz:0,selfCaliAnglePit:0,servCaliAngleHrz:0,servCaliAnglePit:0,offlineCaliAngleHrz:0,offlineCaliAnglePit:0,determine2useFlag:0,IMU_Z_Accel:-21.592,IMU_X_AngularRate:-2.093,IMU_Y_AngularRate:-2.093,IMU_RollAngle:-180,IMU_PitchAngle:-180,IMU_YawAngle:-180,FcwID:0,FCWWarningLevel:0,FCWTTC:0
0,0.94,0,6.7,35.5,0,0,0,-3.3,1.71472e-31,0,0,0,-14.5,0,0,0,0,-0.00229183,0,0,0,0,0,0,0,0,0,1,85,57,0,0.00034,0.00034,3,5,0,0,0,0,0,0,0,0,0,0,1,0,1,0,0,0,0,0,0,0,0,,0,0,0,0,
1,1.77,0,9.7,33.5,0,0,0,-10.35,0,0,0,0,-14.5,0,0,0,0,-0.00229183,0,0,0,0,0,0,0,0,0,1,82,57,0,0.00034,0.00034,3,0,0,0,0,0,0,0,0,0,0,0,1,0,1,0,0,0,0,0,0,0,0,,0,0,0,0,
2,2.53,0,10.7,27.5,0,0,0,-11.95,0,0,0,0,-20.5,0,0,0,0,-0.00229183,0,0,0,0,0,0,0,0,0,1,76,57,0,0.00034,0.00034,3,5,0,0,0,0,0,0,0,0,0,0,1,0,1,0,0,0,0,0,0,0,0,,0,0,0,0,
3,3.52,0,-40.1,24,0,0,0,8.7,0,0,0,0,-13,0,0,0,0,-0.00229183,0,0,0,0,0,0,0,0,0,1,72,57,0,0.00034,0.00034,3,5,0,0,0,0,0,0,0,0,0,0,1,0,1,0,0,0,0,0,0,0,0,,0,0,0,0,
4,5.29,0,60.2,28.5,0,0,0,-7.95,0,0,0,0,6.5,0,0,0,0,-0.00229183,0,0,0,0,0,0,0,0,0,1,73,57,0,0.00034,0.00034,3,5,0,0,0,0,0,0,0,0,0,0,1,0,1,0,0,0,0,0,0,0,0,,0,0,0,0,
5,6.46,0,34.05,36.5,0,0,0,-3.85,0,0,0,0,-3.5,0,0,0,0,-0.00229183,0,0,0,0,0,0,0,0,0,1,81,57,0,0.00034,0.00034,3,0,0,0,0,0,0,0,0,0,0,0,1,0,1,0,0,0,0,0,0,0,0,,0,0,0,0,
6,7.23,0,23.7,35,0,0,0,-1.35,0,0,0,0,-9,0,0,0,0,-0.00229183,0,0,0,0,0,0,0,0,0,1,80,57,0,0.00034,0.00034,3,5,0,0,0,0,0,0,0,0,0,0,1,0,1,0,0,0,0,0,0,0,0,,0,0,0,0,
7,7.66,0,37.65,37,0,0,0,-2.55,0,0,0,0,1.5,0,0,0,0,-0.00229183,0,0,0,0,0,0,0,0,0,1,82,57,0,0.00034,0.00034,3,5,0,0,0,0,0,0,0,0,0,0,1,0,1,0,0,0,0,0,0,0,0,,0,0,0,0,
8,7.66,0,17.8,37,0,0,0,-2.95,0,0,0,0,-8.5,0,0,0,0,-0.00229183,0,0,0,0,0,0,0,0,0,1,82,57,0,0.00034,0.00034,3,5,0,0,0,0,0,0,0,0,0,0,1,0,1,0,0,0,0,0,0,0,0,,0,0,0,0,
9,8.28,0,17.35,34.5,0,0,0,-6,0,0,0,0,-10,0,0,0,0,-0.00229183,0,0,0,0,0,0,0,0,0,1,80,57,0,0.00034,0.00034,3,5,0,0,0,0,0,0,0,0,0,0,1,0,1,0,0,0,0,0,0,0,0,,0,0,0,0,
10,9.07,0,-43.15,30,0,0,0,-11.7,0,0,0,0,-3,0,0,0,0,-0.00229183,0,0,0,0,0,0,0,0,0,1,75,57,0,0.00034,0.00034,3,5,0,0,0,0,0,0,0,0,0,0,1,0,1,0,0,0,0,0,0,0,0,,0,0,0,0,
11,9.44,0,44.6,30,0,0,0,10.3,0,0,0,0,1.5,0,0,0,0,-0.00229183,0,0,0,0,0,0,0,0,0,1,75,57,0,0.00034,0.00034,3,5,0,0,0,0,0,0,0,0,0,0,1,0,1,0,0,0,0,0,0,0,0,,0,0,0,0,
12,10.32,0,-32.3,27.5,0,0,0,4.75,0,0,0,0,-11,0,0,0,0,-0.00229183,0,0,0,0,0,0,0,0,0,1,73,57,0,0.00034,0.00034,3,5,0,0,0,0,0,0,0,0,0,0,1,0,1,0,0,0,0,0,0,0,0,,0,0,0,0,
13,10.73,0,6.1,24.5,0,0,0,-4.7,0,0,0,0,-21.5,0,0,0,0,-0.00229183,0,0,0,0,0,0,0,0,0,1,70,57,0,0.00034,0.00034,3,5,0,0,0,0,0,0,0,0,0,0,1,0,1,0,0,0,0,0,0,0,0,,0,0,0,0,
14,11.15,0,13.2,26,0,0,0,0.95,0,0,0,0,-18,0,0,0,0,-0.00229183,0,0,0,0,0,0,0,0,0,1,71,57,0,0.00034,0.00034,3,5,0,0,0,0,0,0,0,0,0,0,1,0,1,0,0,0,0,0,0,0,0,,0,0,0,0,
15,12.12,0,-31.55,26.5,0,0,0,3.55,0,0,0,0,-11,0,0,0,0,-0.00229183,0,0,0,0,0,0,0,0,0,1,72,57,0,0.00034,0.00034,3,5,0,0,0,0,0,0,0,0,0,0,1,0,1,0,0,0,0,0,0,0,0,,0,0,0,0,
16,12.78,0,21.05,26,0,0,0,5.05,0,0,0,0,-13.5,0,0,0,0,-0.00229183,0,0,0,0,0,0,0,0,0,1,71,57,0,0.00034,0.00034,3,5,0,0,0,0,0,0,0,0,0,0,1,0,1,0,0,0,0,0,0,0,0,,0,0,0,0,
17,13.7,0,-43.8,29,0,0,0,-9.25,0,0,0,0,-2,0,0,0,0,-0.00229183,0,0,0,0,0,0,0,0,0,1,74,57,0,0.00034,0.00034,3,5,0,0,0,0,0,0,0,0,0,0,1,0,1,0,0,0,0,0,0,0,0,,0,0,0,0,
18,14.39,0,20.55,25.5,0,0,0,-0.85,0,0,0,0,-15,0,0,0,0,-0.00229183,0,0,0,0,0,0,0,0,0,1,70,57,0,0.00034,0.00034,3,5,0,0,0,0,0,0,0,0,0,0,1,0,1,0,0,0,0,0,0,0,0,,0,0,0,0,
19,15.8,0,16,21,0,0,0,11.7,0,0,0,0,-20,0,0,0,0,-0.00229183,0,0,0,0,0,0,0,0,0,1,66,57,0,0.00034,0.00034,3,5,0,0,0,0,0,0,0,0,0,0,1,0,1,0,0,0,0,0,0,0,0,,0,0,0,0,
20,16.1,0,19.05,26.5,0,0,0,0.4,0,0,0,0,-14,0,0,0,0,-0.00229183,0,0,0,0,0,0,0,0,0,1,71,57,0,0.00034,0.00034,3,5,0,0,0,0,0,0,0,0,0,0,1,0,1,0,0,0,0,0,0,0,0,,0,0,0,0,
21,16.86,0,16.95,33.5,0,0,0,1.95,0,0,0,0,-7.5,0,0,0,0,-0.00229183,0,0,0,0,0,0,0,0,0,1,78,57,0,0.00034,0.00034,3,5,0,0,0,0,0,0,0,0,0,0,1,0,1,0,0,0,0,0,0,0,0,,0,0,0,0,
22,17.91,0,15.8,23.5,0,0,0,-3.55,0,0,0,0,-17.5,0,0,0,0,-0.00229183,0,0,0,0,0,0,0,0,0,1,68,57,0,0.00034,0.00034,3,5,0,0,0,0,0,0,0,0,0,0,1,0,1,0,0,0,0,0,0,0,0,,0,0,0,0,
23,18.31,0,9.2,22,0,0,0,-2.95,0,0,0,0,-20.5,0,0,0,0,-0.00229183,0,0,0,0,0,0,0,0,0,1,66,57,0,0.00034,0.00034,3,5,0,0,0,0,0,0,0,0,0,0,1,0,1,0,0,0,0,0,0,0,0,,0,0,0,0,
24,18.86,0,12.95,25,0,0,0,-1.25,0,0,0,0,-16.5,0,0,0,0,-0.00229183,0,0,0,0,0,0,0,0,0,1,69,57,0,0.00034,0.00034,3,5,0,0,0,0,0,0,0,0,0,0,1,0,1,0,0,0,0,0,0,0,0,,0,0,0,0,
25,19.48,0,18.45,19.5,0,0,0,6.05,0,0,0,0,-21,0,0,0,0,-0.00229183,0,0,0,0,0,0,0,0,0,1,64,57,0,0.00034,0.00034,3,5,0,0,0,0,0,0,0,0,0,0,1,0,1,0,0,0,0,0,0,0,0,,0,0,0,0,
26,22.81,0,11.45,22,0,0,0,-2.2,0,0,0,0,-19.5,0,0,0,0,-0.00229183,0,0,0,0,0,0,0,0,0,1,65,57,0,0.00034,0.00034,3,5,0,0,0,0,0,0,0,0,0,0,1,0,1,0,0,0,0,0,0,0,0,,0,0,0,0,
27,23.2,0,-52.2,19,0,0,3.12966e-33,10.15,0,0,0,0,-2,0,0,0,0,-0.00229183,0,0,0,0,5.54525e-40,0,0,0,0,1,62,57,0,0.00034,0.00034,2,-1,0,0,0,4.62855e-38,0,0,0,0,0,0,1,0,1,0,0,0,0,0,0,4.62855e-38,0,,0,0,0,0,
28,25.51,0,7.4,22,0,0,0,2.75,0,0,0,0,-18,0,0,0,0,-0.00229183,0,0,0,0,0,0,0,0,0,1,65,57,0,0.00034,0.00034,3,5,0,0,0,0,0,0,0,0,0,0,1,0,1,0,0,0,0,0,0,0,0,,0,0,0,0,
29,26.79,0,14.45,19.5,0,0,0,1.4,0,0,0,0,-19,0,0,0,0,-0.00229183,0,0,0,0,0,0,0,0,0,1,62,57,0,0.00034,0.00034,2,-1,0,0,0,0,0,0,0,0,0,0,1,0,1,0,0,0,0,0,0,0,0,,0,0,0,0,
30,31.51,0,-8.9,27.5,0,0,0,6.45,0,0,0,0,-10.5,0,0,0,0,-0.00229183,0,0,0,0,0,0,0,0,0,1,70,57,0,0.00034,0.00034,2,-1,0,0,0,0,0,0,0,0,0,0,1,0,1,0,0,0,0,0,0,0,0,,0,0,0,0,
31,33.39,0,7.9,24.5,0,0,0,-3.45,0,0,0,0,-12.5,0,0,0,0,-0.00229183,0,0,0,0,0,0,0,0,0,1,66,57,0,0.00034,0.00034,3,0,0,0,0,0,0,0,0,0,0,0,1,0,1,0,0,0,0,0,0,0,0,,0,0,0,0,
END,Total:32
START,FrameNb:7,CameraNb:0,HeSaiNb:0,ARS410Nb:0
2026/05/22 13:41:35:296---->
heightOffset:0,1779428495296,98008,selfCaliBufCnt:0,selfAccObjCnt:0,selfAccAngle:0,installHAngleOffset:0,Interpolation:0,installVAngleOffset:0,radarOffsetH:0,radarOffsetV:0.32,Polynom:-0.001023;-0.0511;-2.047;0;0;0;-0.001023;-0.0511;-2.047;-25.5;0;0,WheelDirection:0;0;0;0,selfAngleOffset:0,selfAngleOffsetPit:0,currCaliAngleHrz:0,currCaliAnglePit:0,selfCaliAngleHrz:0,selfCaliAnglePit:0,servCaliAngleHrz:0,servCaliAnglePit:0,offlineCaliAngleHrz:0,offlineCaliAnglePit:0,determine2useFlag:0,IMU_Z_Accel:-21.592,IMU_X_AngularRate:-2.093,IMU_Y_AngularRate:-2.093,IMU_RollAngle:-180,IMU_PitchAngle:-180,IMU_YawAngle:-180,FcwID:0,FCWWarningLevel:0,FCWTTC:0
0,0.94,0,6.7,35.5,0,0,0,-3.25,1.71472e-31,0,0,0,-14.5,0,0,0,0,-0.00229183,0,0,0,0,0,0,0,0,0,1,85,61,0,0.00034,0.00034,3,5,0,0,0,0,0,0,0,0,0,0,1,0,0,0,0,0,0,0,0,0,0,,0,0,0,0,
1,1.77,0,9.7,33.5,0,0,0,-10.25,0,0,0,0,-14.5,0,0,0,0,-0.00229183,0,0,0,0,0,0,0,0,0,1,82,61,0,0.00034,0.00034,3,0,0,0,0,0,0,0,0,0,0,0,1,0,0,0,0,0,0,0,0,0,0,,0,0,0,0,
2,2.52,0,10.6,27,0,0,0,-12.2,0,0,0,0,-20.5,0,0,0,0,-0.00229183,0,0,0,0,0,0,0,0,0,1,76,61,0,0.00034,0.00034,3,5,0,0,0,0,0,0,0,0,0,0,1,0,0,0,0,0,0,0,0,0,0,,0,0,0,0,
3,3.52,0,43.9,24,0,0,0,3.15,0,0,0,0,-8,0,0,0,0,-0.00229183,0,0,0,0,0,0,0,0,0,1,71,61,0,0.00034,0.00034,3,5,0,0,0,0,0,0,0,0,0,0,1,0,0,0,0,0,0,0,0,0,0,,0,0,0,0,
4,5.28,0,60.55,28.5,0,0,0,-8.3,0,0,0,0,6,0,0,0,0,-0.00229183,0,0,0,0,0,0,0,0,0,1,73,61,0,0.00034,0.00034,2,-1,0,0,0,0,0,0,0,0,0,0,1,0,0,0,0,0,0,0,0,0,0,,0,0,0,0,
5,6.47,0,34.05,36.5,0,0,0,-3.85,0,0,0,0,-3.5,0,0,0,0,-0.00229183,0,0,0,0,0,0,0,0,0,1,81,61,0,0.00034,0.00034,3,0,0,0,0,0,0,0,0,0,0,0,1,0,0,0,0,0,0,0,0,0,0,,0,0,0,0,
6,7.23,0,23.8,35,0,0,0,-1.45,0,0,0,0,-9,0,0,0,0,-0.00229183,0,0,0,0,0,0,0,0,0,1,80,61,0,0.00034,0.00034,3,5,0,0,0,0,0,0,0,0,0,0,1,0,0,0,0,0,0,0,0,0,0,,0,0,0,0,
7,7.67,0,37.6,36.5,0,0,0,-2.6,0,0,0,0,1.5,0,0,0,0,-0.00229183,0,0,0,0,0,0,0,0,0,1,82,61,0,0.00034,0.00034,3,5,0,0,0,0,0,0,0,0,0,0,1,0,0,0,0,0,0,0,0,0,0,,0,0,0,0,
8,7.67,0,17.8,36.5,0,0,0,-2.95,0,0,0,0,-8.5,0,0,0,0,-0.00229183,0,0,0,0,0,0,0,0,0,1,82,61,0,0.00034,0.00034,3,5,0,0,0,0,0,0,0,0,0,0,1,0,0,0,0,0,0,0,0,0,0,,0,0,0,0,
9,8.28,0,17.3,34,0,0,0,-6.1,0,0,0,0,-10,0,0,0,0,-0.00229183,0,0,0,0,0,0,0,0,0,1,80,61,0,0.00034,0.00034,3,5,0,0,0,0,0,0,0,0,0,0,1,0,0,0,0,0,0,0,0,0,0,,0,0,0,0,
10,9.08,0,-43.2,29.5,0,0,0,-11.45,0,0,0,0,-3,0,0,0,0,-0.00229183,0,0,0,0,0,0,0,0,0,1,75,61,0,0.00034,0.00034,3,5,0,0,0,0,0,0,0,0,0,0,1,0,0,0,0,0,0,0,0,0,0,,0,0,0,0,
11,9.36,0,44.55,29.5,0,0,0,10.45,0,0,0,0,1,0,0,0,0,-0.00229183,0,0,0,0,0,0,0,0,0,1,75,61,0,0.00034,0.00034,3,5,0,0,0,0,0,0,0,0,0,0,1,0,0,0,0,0,0,0,0,0,0,,0,0,0,0,
12,10.32,0,-32.2,27.5,0,0,0,4.45,0,0,0,0,-10.5,0,0,0,0,-0.00229183,0,0,0,0,0,0,0,0,0,1,73,61,0,0.00034,0.00034,3,5,0,0,0,0,0,0,0,0,0,0,1,0,0,0,0,0,0,0,0,0,0,,0,0,0,0,
13,10.73,0,-33.5,24,0,0,0,3.05,0,0,0,0,-13.5,0,0,0,0,-0.00229183,0,0,0,0,0,0,0,0,0,1,70,61,0,0.00034,0.00034,3,5,0,0,0,0,0,0,0,0,0,0,1,0,0,0,0,0,0,0,0,0,0,,0,0,0,0,
14,11.15,0,13.2,26,0,0,0,1.25,0,0,0,0,-17.5,0,0,0,0,-0.00229183,0,0,0,0,0,0,0,0,0,1,71,61,0,0.00034,0.00034,3,5,0,0,0,0,0,0,0,0,0,0,1,0,0,0,0,0,0,0,0,0,0,,0,0,0,0,
15,11.76,0,9.3,26.5,0,0,0,10.7,0,0,0,0,-18,0,0,0,0,-0.00229183,0,0,0,0,0,0,0,0,0,1,72,61,0,0.00034,0.00034,3,5,0,0,0,0,0,0,0,0,0,0,1,0,0,0,0,0,0,0,0,0,0,,0,0,0,0,
16,12.78,0,20.9,26.5,0,0,0,4.95,0,0,0,0,-14.5,0,0,0,0,-0.00229183,0,0,0,0,0,0,0,0,0,1,71,61,0,0.00034,0.00034,3,5,0,0,0,0,0,0,0,0,0,0,1,0,0,0,0,0,0,0,0,0,0,,0,0,0,0,
17,13.71,0,20,29,0,0,0,-2.45,0,0,0,0,-11.5,0,0,0,0,-0.00229183,0,0,0,0,0,0,0,0,0,1,74,61,0,0.00034,0.00034,3,5,0,0,0,0,0,0,0,0,0,0,1,0,0,0,0,0,0,0,0,0,0,,0,0,0,0,
18,14.39,0,20.45,25.5,0,0,0,-0.8,0,0,0,0,-15,0,0,0,0,-0.00229183,0,0,0,0,0,0,0,0,0,1,71,61,0,0.00034,0.00034,3,5,0,0,0,0,0,0,0,0,0,0,1,0,0,0,0,0,0,0,0,0,0,,0,0,0,0,
19,16.1,0,19,26,0,0,0,0.2,0,0,0,0,-14,0,0,0,0,-0.00229183,0,0,0,0,0,0,0,0,0,1,71,61,0,0.00034,0.00034,3,5,0,0,0,0,0,0,0,0,0,0,1,0,0,0,0,0,0,0,0,0,0,,0,0,0,0,
20,16.86,0,16.95,33.5,0,0,0,1.8,0,0,0,0,-7,0,0,0,0,-0.00229183,0,0,0,0,0,0,0,0,0,1,78,61,0,0.00034,0.00034,3,5,0,0,0,0,0,0,0,0,0,0,1,0,0,0,0,0,0,0,0,0,0,,0,0,0,0,
21,18.03,0,16.1,23.5,0,0,0,-3.1,0,0,0,0,-17,0,0,0,0,-0.00229183,0,0,0,0,0,0,0,0,0,1,68,61,0,0.00034,0.00034,3,5,0,0,0,0,0,0,0,0,0,0,1,0,0,0,0,0,0,0,0,0,0,,0,0,0,0,
22,18.34,0,9.1,22,0,0,0,-1.45,0,0,0,0,-20.5,0,0,0,0,-0.00229183,0,0,0,0,0,0,0,0,0,1,66,61,0,0.00034,0.00034,3,5,0,0,0,0,0,0,0,0,0,0,1,0,0,0,0,0,0,0,0,0,0,,0,0,0,0,
23,18.85,0,13.05,24.5,0,0,0,-1.55,0,0,0,0,-17,0,0,0,0,-0.00229183,0,0,0,0,0,0,0,0,0,1,69,61,0,0.00034,0.00034,3,5,0,0,0,0,0,0,0,0,0,0,1,0,0,0,0,0,0,0,0,0,0,,0,0,0,0,
24,19.49,0,18.65,19,0,0,0,5.55,0,0,0,0,-21,0,0,0,0,-0.00229183,0,0,0,0,0,0,0,0,0,1,64,61,0,0.00034,0.00034,3,5,0,0,0,0,0,0,0,0,0,0,1,0,0,0,0,0,0,0,0,0,0,,0,0,0,0,
25,25.57,0,7.35,22,0,0,0,3.05,0,0,0,0,-17.5,0,0,0,0,-0.00229183,0,0,0,0,0,0,0,0,0,1,65,61,0,0.00034,0.00034,3,5,0,0,0,0,0,0,0,0,0,0,1,0,0,0,0,0,0,0,0,0,0,,0,0,0,0,
26,26.75,0,14.4,19,0,0,0,1.45,0,0,0,0,-18.5,0,0,0,0,-0.00229183,0,0,0,0,0,0,0,0,0,1,62,61,0,0.00034,0.00034,3,5,0,0,0,0,0,0,0,0,0,0,1,0,0,0,0,0,0,0,0,0,0,,0,0,0,0,
27,31.51,0,-65.65,26.5,0,0,3.12966e-33,-4.6,0,0,0,0,20,0,0,0,0,-0.00229183,0,0,0,0,5.54525e-40,0,0,0,0,1,69,61,0,0.00034,0.00034,2,-1,0,0,0,4.62855e-38,0,0,0,0,0,0,1,0,0,0,0,0,0,0,0,4.62855e-38,0,,0,0,0,0,
28,33.39,0,7.85,23.5,0,0,0,-3.55,0,0,0,0,-12.5,0,0,0,0,-0.00229183,0,0,0,0,0,0,0,0,0,1,66,61,0,0.00034,0.00034,3,0,0,0,0,0,0,0,0,0,0,0,1,0,0,0,0,0,0,0,0,0,0,,0,0,0,0,
END,Total:29
START,FrameNb:8,CameraNb:0,HeSaiNb:0,ARS410Nb:0
2026/05/22 13:41:35:334---->
heightOffset:0,1779428495334,98072,selfCaliBufCnt:0,selfAccObjCnt:0,selfAccAngle:0,installHAngleOffset:0,Interpolation:0,installVAngleOffset:0,radarOffsetH:0,radarOffsetV:0.32,Polynom:-0.001023;-0.0511;-2.047;0;0;0;-0.001023;-0.0511;-2.047;-25.5;0;0,WheelDirection:0;0;0;0,selfAngleOffset:0,selfAngleOffsetPit:0,currCaliAngleHrz:0,currCaliAnglePit:0,selfCaliAngleHrz:0,selfCaliAnglePit:0,servCaliAngleHrz:0,servCaliAnglePit:0,offlineCaliAngleHrz:0,offlineCaliAnglePit:0,determine2useFlag:0,IMU_Z_Accel:-21.592,IMU_X_AngularRate:-2.093,IMU_Y_AngularRate:-2.093,IMU_RollAngle:-180,IMU_PitchAngle:-180,IMU_YawAngle:-180,FcwID:0,FCWWarningLevel:0,FCWTTC:0
0,0.94,0,6.7,35,0,0,0,-3.3,1.71472e-31,0,0,0,-14.5,0,0,0,0,-0.00229183,0,0,0,0,0,0,0,0,0,1,85,62,0,0.00034,0.00034,3,5,0,0,0,0,0,0,0,0,0,0,1,0,1,0,0,0,0,0,0,0,0,,0,0,0,0,
1,1.76,0,9.65,33,0,0,0,-10.25,0,0,0,0,-15,0,0,0,0,-0.00229183,0,0,0,0,0,0,0,0,0,1,82,62,0,0.00034,0.00034,3,0,0,0,0,0,0,0,0,0,0,0,1,0,1,0,0,0,0,0,0,0,0,,0,0,0,0,
2,2.5,0,10.6,27,0,0,0,-12.35,0,0,0,0,-20.5,0,0,0,0,-0.00229183,0,0,0,0,0,0,0,0,0,1,76,62,0,0.00034,0.00034,3,5,0,0,0,0,0,0,0,0,0,0,1,0,1,0,0,0,0,0,0,0,0,,0,0,0,0,
3,3.54,0,44.1,23.5,0,0,0,3,0,0,0,0,-7,0,0,0,0,-0.00229183,0,0,0,0,0,0,0,0,0,1,72,62,0,0.00034,0.00034,3,5,0,0,0,0,0,0,0,0,0,0,1,0,1,0,0,0,0,0,0,0,0,,0,0,0,0,
4,5.28,0,-62.05,28,0,0,0,4.9,0,0,0,0,4,0,0,0,0,-0.00229183,0,0,0,0,0,0,0,0,0,1,73,62,0,0.00034,0.00034,2,-1,0,0,0,0,0,0,0,0,0,0,1,0,1,0,0,0,0,0,0,0,0,,0,0,0,0,
5,6.46,0,34.05,36.5,0,0,0,-3.85,0,0,0,0,-3.5,0,0,0,0,-0.00229183,0,0,0,0,0,0,0,0,0,1,81,62,0,0.00034,0.00034,3,0,0,0,0,0,0,0,0,0,0,0,1,0,1,0,0,0,0,0,0,0,0,,0,0,0,0,
6,7.23,0,23.8,35,0,0,0,-1.35,0,0,0,0,-9,0,0,0,0,-0.00229183,0,0,0,0,0,0,0,0,0,1,80,62,0,0.00034,0.00034,3,5,0,0,0,0,0,0,0,0,0,0,1,0,1,0,0,0,0,0,0,0,0,,0,0,0,0,
7,7.67,0,37.65,36.5,0,0,0,-2.75,0,0,0,0,1.5,0,0,0,0,-0.00229183,0,0,0,0,0,0,0,0,0,1,82,62,0,0.00034,0.00034,3,5,0,0,0,0,0,0,0,0,0,0,1,0,1,0,0,0,0,0,0,0,0,,0,0,0,0,
8,7.67,0,17.8,36.5,0,0,0,-2.95,0,0,0,0,-8.5,0,0,0,0,-0.00229183,0,0,0,0,0,0,0,0,0,1,82,62,0,0.00034,0.00034,3,5,0,0,0,0,0,0,0,0,0,0,1,0,1,0,0,0,0,0,0,0,0,,0,0,0,0,
9,8.28,0,17.35,34,0,0,0,-6,0,0,0,0,-10,0,0,0,0,-0.00229183,0,0,0,0,0,0,0,0,0,1,80,62,0,0.00034,0.00034,3,5,0,0,0,0,0,0,0,0,0,0,1,0,1,0,0,0,0,0,0,0,0,,0,0,0,0,
10,9.07,0,-43.15,29.5,0,0,0,-11.55,0,0,0,0,-3,0,0,0,0,-0.00229183,0,0,0,0,0,0,0,0,0,1,75,62,0,0.00034,0.00034,3,5,0,0,0,0,0,0,0,0,0,0,1,0,1,0,0,0,0,0,0,0,0,,0,0,0,0,
11,9.42,0,44.55,29.5,0,0,0,10.4,0,0,0,0,1.5,0,0,0,0,-0.00229183,0,0,0,0,0,0,0,0,0,1,75,62,0,0.00034,0.00034,3,5,0,0,0,0,0,0,0,0,0,0,1,0,1,0,0,0,0,0,0,0,0,,0,0,0,0,
12,10.32,0,-32.35,27,0,0,0,4.9,0,0,0,0,-10.5,0,0,0,0,-0.00229183,0,0,0,0,0,0,0,0,0,1,73,62,0,0.00034,0.00034,3,5,0,0,0,0,0,0,0,0,0,0,1,0,1,0,0,0,0,0,0,0,0,,0,0,0,0,
13,10.73,0,-33.45,24,0,0,0,4.7,0,0,0,0,-13.5,0,0,0,0,-0.00229183,0,0,0,0,0,0,0,0,0,1,70,62,0,0.00034,0.00034,3,5,0,0,0,0,0,0,0,0,0,0,1,0,1,0,0,0,0,0,0,0,0,,0,0,0,0,
14,11.15,0,13.35,25.5,0,0,0,0.7,0,0,0,0,-17.5,0,0,0,0,-0.00229183,0,0,0,0,0,0,0,0,0,1,71,62,0,0.00034,0.00034,3,5,0,0,0,0,0,0,0,0,0,0,1,0,1,0,0,0,0,0,0,0,0,,0,0,0,0,
15,11.74,0,-49.1,26,0,0,0,-15,0,0,0,0,0,0,0,0,0,-0.00229183,0,0,0,0,0,0,0,0,0,1,72,62,0,0.00034,0.00034,3,5,0,0,0,0,0,0,0,0,0,0,1,0,1,0,0,0,0,0,0,0,0,,0,0,0,0,
16,12.12,0,-31.6,26.5,0,0,0,3.55,0,0,0,0,-10.5,0,0,0,0,-0.00229183,0,0,0,0,0,0,0,0,0,1,72,62,0,0.00034,0.00034,3,5,0,0,0,0,0,0,0,0,0,0,1,0,1,0,0,0,0,0,0,0,0,,0,0,0,0,
17,12.78,0,-43.55,25.5,0,0,0,-2.1,0,0,0,0,-5,0,0,0,0,-0.00229183,0,0,0,0,0,0,0,0,0,1,71,62,0,0.00034,0.00034,3,5,0,0,0,0,0,0,0,0,0,0,1,0,1,0,0,0,0,0,0,0,0,,0,0,0,0,
18,13.71,0,19.95,28.5,0,0,0,-2.3,0,0,0,0,-11.5,0,0,0,0,-0.00229183,0,0,0,0,0,0,0,0,0,1,74,62,0,0.00034,0.00034,3,5,0,0,0,0,0,0,0,0,0,0,1,0,1,0,0,0,0,0,0,0,0,,0,0,0,0,
19,14.39,0,20.55,25,0,0,0,-0.7,0,0,0,0,-15,0,0,0,0,-0.00229183,0,0,0,0,0,0,0,0,0,1,71,62,0,0.00034,0.00034,3,5,0,0,0,0,0,0,0,0,0,0,1,0,1,0,0,0,0,0,0,0,0,,0,0,0,0,
20,15.81,0,17.45,20.5,0,0,0,13.55,0,0,0,0,-19.5,0,0,0,0,-0.00229183,0,0,0,0,0,0,0,0,0,1,66,62,0,0.00034,0.00034,3,5,0,0,0,0,0,0,0,0,0,0,1,0,1,0,0,0,0,0,0,0,0,,0,0,0,0,
21,16.09,0,19.2,25.5,0,0,0,0.25,0,0,0,0,-14,0,0,0,0,-0.00229183,0,0,0,0,0,0,0,0,0,1,71,62,0,0.00034,0.00034,3,5,0,0,0,0,0,0,0,0,0,0,1,0,1,0,0,0,0,0,0,0,0,,0,0,0,0,
22,16.86,0,16.9,33,0,0,0,1.9,0,0,0,0,-7,0,0,0,0,-0.00229183,0,0,0,0,0,0,0,0,0,1,78,62,0,0.00034,0.00034,3,5,0,0,0,0,0,0,0,0,0,0,1,0,1,0,0,0,0,0,0,0,0,,0,0,0,0,
23,17.99,0,16.15,22.5,0,0,0,-3.45,0,0,0,0,-17,0,0,0,0,-0.00229183,0,0,0,0,0,0,0,0,0,1,68,62,0,0.00034,0.00034,3,0,0,0,0,0,0,0,0,0,0,0,1,0,1,0,0,0,0,0,0,0,0,,0,0,0,0,
24,18.29,0,9.2,21.5,0,0,0,-2.05,0,0,0,0,-20.5,0,0,0,0,-0.00229183,0,0,0,0,0,0,0,0,0,1,67,62,0,0.00034,0.00034,3,5,0,0,0,0,0,0,0,0,0,0,1,0,1,0,0,0,0,0,0,0,0,,0,0,0,0,
25,18.85,0,-51.15,24,0,0,0,5.55,0,0,0,0,1,0,0,0,0,-0.00229183,0,0,0,0,0,0,0,0,0,1,69,62,0,0.00034,0.00034,3,5,0,0,0,0,0,0,0,0,0,0,1,0,1,0,0,0,0,0,0,0,0,,0,0,0,0,
26,19.49,0,18.55,18.5,0,0,0,5.9,0,0,0,0,-21,0,0,0,0,-0.00229183,0,0,0,0,0,0,0,0,0,1,64,62,0,0.00034,0.00034,3,5,0,0,0,0,0,0,0,0,0,0,1,0,1,0,0,0,0,0,0,0,0,,0,0,0,0,
27,25.54,0,7.4,21,0,0,3.12966e-33,2.8,0,0,0,0,-17.5,0,0,0,0,-0.00229183,0,0,0,0,5.54525e-40,0,0,0,0,1,65,62,0,0.00034,0.00034,3,5,0,0,0,4.62855e-38,0,0,0,0,0,0,1,0,1,0,0,0,0,0,0,4.62855e-38,0,,0,0,0,0,
28,31.51,0,5.5,26,0,0,0,-0.05,0,0,0,0,-11,0,0,0,0,-0.00229183,0,0,0,0,0,0,0,0,0,1,70,62,0,0.00034,0.00034,3,5,0,0,0,0,0,0,0,0,0,0,1,0,1,0,0,0,0,0,0,0,0,,0,0,0,0,
29,33.37,0,7.95,23,0,0,0,-2.8,0,0,0,0,-12,0,0,0,0,-0.00229183,0,0,0,0,0,0,0,0,0,1,67,62,0,0.00034,0.00034,3,0,0,0,0,0,0,0,0,0,0,0,1,0,1,0,0,0,0,0,0,0,0,,0,0,0,0,
END,Total:30
START,FrameNb:9,CameraNb:0,HeSaiNb:0,ARS410Nb:0
2026/05/22 13:41:35:396---->
heightOffset:0,1779428495396,98128,selfCaliBufCnt:0,selfAccObjCnt:0,selfAccAngle:0,installHAngleOffset:0,Interpolation:0,installVAngleOffset:0,radarOffsetH:0,radarOffsetV:0.32,Polynom:-0.001023;-0.0511;-2.047;0;0;0;-0.001023;-0.0511;-2.047;-25.5;0;0,WheelDirection:0;0;0;0,selfAngleOffset:0,selfAngleOffsetPit:0,currCaliAngleHrz:0,currCaliAnglePit:0,selfCaliAngleHrz:0,selfCaliAnglePit:0,servCaliAngleHrz:0,servCaliAnglePit:0,offlineCaliAngleHrz:0,offlineCaliAnglePit:0,determine2useFlag:0,IMU_Z_Accel:-21.592,IMU_X_AngularRate:-2.093,IMU_Y_AngularRate:-2.093,IMU_RollAngle:-180,IMU_PitchAngle:-180,IMU_YawAngle:-180,FcwID:0,FCWWarningLevel:0,FCWTTC:0
0,0.94,0,6.7,35.5,0,0,0,-3.25,1.71472e-31,0,0,0,-14.5,0,0,0,0,-0.00229183,0,0,0,0,0,0,0,0,0,1,85,63,0,0.00034,0.00034,3,5,0,0,0,0,0,0,0,0,0,0,1,0,0,0,0,0,0,0,0,0,0,,0,0,0,0,
1,1.76,0,9.7,33.5,0,0,0,-10.55,0,0,0,0,-15,0,0,0,0,-0.00229183,0,0,0,0,0,0,0,0,0,1,82,63,0,0.00034,0.00034,3,0,0,0,0,0,0,0,0,0,0,0,1,0,0,0,0,0,0,0,0,0,0,,0,0,0,0,
2,2.54,0,10.7,27.5,0,0,0,-11.95,0,0,0,0,-20.5,0,0,0,0,-0.00229183,0,0,0,0,0,0,0,0,0,1,76,63,0,0.00034,0.00034,3,5,0,0,0,0,0,0,0,0,0,0,1,0,0,0,0,0,0,0,0,0,0,,0,0,0,0,
3,3.52,0,43.8,24,0,0,0,2.95,0,0,0,0,-8,0,0,0,0,-0.00229183,0,0,0,0,0,0,0,0,0,1,71,63,0,0.00034,0.00034,3,5,0,0,0,0,0,0,0,0,0,0,1,0,0,0,0,0,0,0,0,0,0,,0,0,0,0,
4,5.27,0,60.7,28.5,0,0,0,-8.55,0,0,0,0,6,0,0,0,0,-0.00229183,0,0,0,0,0,0,0,0,0,1,73,63,0,0.00034,0.00034,2,-1,0,0,0,0,0,0,0,0,0,0,1,0,0,0,0,0,0,0,0,0,0,,0,0,0,0,
5,6.46,0,34.05,36.5,0,0,0,-3.85,0,0,0,0,-3.5,0,0,0,0,-0.00229183,0,0,0,0,0,0,0,0,0,1,81,63,0,0.00034,0.00034,3,0,0,0,0,0,0,0,0,0,0,0,1,0,0,0,0,0,0,0,0,0,0,,0,0,0,0,
6,7.23,0,23.8,35,0,0,0,-1.45,0,0,0,0,-9,0,0,0,0,-0.00229183,0,0,0,0,0,0,0,0,0,1,80,63,0,0.00034,0.00034,3,0,0,0,0,0,0,0,0,0,0,0,1,0,0,0,0,0,0,0,0,0,0,,0,0,0,0,
7,7.67,0,37.6,36.5,0,0,0,-2.8,0,0,0,0,1.5,0,0,0,0,-0.00229183,0,0,0,0,0,0,0,0,0,1,82,63,0,0.00034,0.00034,3,5,0,0,0,0,0,0,0,0,0,0,1,0,0,0,0,0,0,0,0,0,0,,0,0,0,0,
8,7.67,0,17.8,36.5,0,0,0,-3,0,0,0,0,-8.5,0,0,0,0,-0.00229183,0,0,0,0,0,0,0,0,0,1,82,63,0,0.00034,0.00034,3,5,0,0,0,0,0,0,0,0,0,0,1,0,0,0,0,0,0,0,0,0,0,,0,0,0,0,
9,8.28,0,17.35,34,0,0,0,-6.05,0,0,0,0,-10,0,0,0,0,-0.00229183,0,0,0,0,0,0,0,0,0,1,80,63,0,0.00034,0.00034,3,5,0,0,0,0,0,0,0,0,0,0,1,0,0,0,0,0,0,0,0,0,0,,0,0,0,0,
10,9.08,0,-43.15,29.5,0,0,0,-12.05,0,0,0,0,-3,0,0,0,0,-0.00229183,0,0,0,0,0,0,0,0,0,1,75,63,0,0.00034,0.00034,3,5,0,0,0,0,0,0,0,0,0,0,1,0,0,0,0,0,0,0,0,0,0,,0,0,0,0,
11,9.36,0,44.7,29.5,0,0,0,10.3,0,0,0,0,1.5,0,0,0,0,-0.00229183,0,0,0,0,0,0,0,0,0,1,75,63,0,0.00034,0.00034,3,5,0,0,0,0,0,0,0,0,0,0,1,0,0,0,0,0,0,0,0,0,0,,0,0,0,0,
12,10.32,0,-25.05,27.5,0,0,0,-11,0,0,0,0,-13.5,0,0,0,0,-0.00229183,0,0,0,0,0,0,0,0,0,1,73,63,0,0.00034,0.00034,3,5,0,0,0,0,0,0,0,0,0,0,1,0,0,0,0,0,0,0,0,0,0,,0,0,0,0,
13,11.15,0,13.3,25.5,0,0,0,0.45,0,0,0,0,-18,0,0,0,0,-0.00229183,0,0,0,0,0,0,0,0,0,1,71,63,0,0.00034,0.00034,3,5,0,0,0,0,0,0,0,0,0,0,1,0,0,0,0,0,0,0,0,0,0,,0,0,0,0,
14,11.75,0,9.3,26,0,0,0,10.45,0,0,0,0,-17.5,0,0,0,0,-0.00229183,0,0,0,0,0,0,0,0,0,1,72,63,0,0.00034,0.00034,3,5,0,0,0,0,0,0,0,0,0,0,1,0,0,0,0,0,0,0,0,0,0,,0,0,0,0,
15,12.78,0,21.15,25.5,0,0,0,5,0,0,0,0,-14,0,0,0,0,-0.00229183,0,0,0,0,0,0,0,0,0,1,71,63,0,0.00034,0.00034,3,5,0,0,0,0,0,0,0,0,0,0,1,0,0,0,0,0,0,0,0,0,0,,0,0,0,0,
16,13.71,0,19.95,28,0,0,0,-2.35,0,0,0,0,-12,0,0,0,0,-0.00229183,0,0,0,0,0,0,0,0,0,1,74,63,0,0.00034,0.00034,3,5,0,0,0,0,0,0,0,0,0,0,1,0,0,0,0,0,0,0,0,0,0,,0,0,0,0,
17,14.38,0,20.65,24.5,0,0,0,-0.85,0,0,0,0,-15,0,0,0,0,-0.00229183,0,0,0,0,0,0,0,0,0,1,70,63,0,0.00034,0.00034,3,5,0,0,0,0,0,0,0,0,0,0,1,0,0,0,0,0,0,0,0,0,0,,0,0,0,0,
18,16.11,0,19.1,25.5,0,0,0,0.25,0,0,0,0,-13.5,0,0,0,0,-0.00229183,0,0,0,0,0,0,0,0,0,1,71,63,0,0.00034,0.00034,3,5,0,0,0,0,0,0,0,0,0,0,1,0,0,0,0,0,0,0,0,0,0,,0,0,0,0,
19,16.86,0,16.85,32.5,0,0,0,1.75,0,0,0,0,-7.5,0,0,0,0,-0.00229183,0,0,0,0,0,0,0,0,0,1,78,63,0,0.00034,0.00034,3,5,0,0,0,0,0,0,0,0,0,0,1,0,0,0,0,0,0,0,0,0,0,,0,0,0,0,
20,18.04,0,16.15,22.5,0,0,0,-3.35,0,0,0,0,-17,0,0,0,0,-0.00229183,0,0,0,0,0,0,0,0,0,1,68,63,0,0.00034,0.00034,3,5,0,0,0,0,0,0,0,0,0,0,1,0,0,0,0,0,0,0,0,0,0,,0,0,0,0,
21,18.3,0,9.05,21,0,0,0,-1.2,0,0,0,0,-20.5,0,0,0,0,-0.00229183,0,0,0,0,0,0,0,0,0,1,66,63,0,0.00034,0.00034,3,5,0,0,0,0,0,0,0,0,0,0,1,0,0,0,0,0,0,0,0,0,0,,0,0,0,0,
22,18.83,0,12.8,24,0,0,0,-1.25,0,0,0,0,-16.5,0,0,0,0,-0.00229183,0,0,0,0,0,0,0,0,0,1,69,63,0,0.00034,0.00034,3,5,0,0,0,0,0,0,0,0,0,0,1,0,0,0,0,0,0,0,0,0,0,,0,0,0,0,
23,19.47,0,18.6,18.5,0,0,0,5.75,0,0,0,0,-21,0,0,0,0,-0.00229183,0,0,0,0,0,0,0,0,0,1,64,63,0,0.00034,0.00034,3,5,0,0,0,0,0,0,0,0,0,0,1,0,0,0,0,0,0,0,0,0,0,,0,0,0,0,
24,25.57,0,7.35,20.5,0,0,0,3.2,0,0,0,0,-17.5,0,0,0,0,-0.00229183,0,0,0,0,0,0,0,0,0,1,65,63,0,0.00034,0.00034,3,5,0,0,0,0,0,0,0,0,0,0,1,0,0,0,0,0,0,0,0,0,0,,0,0,0,0,
25,31.51,0,5.55,26,0,0,0,0.2,0,0,0,0,-10.5,0,0,0,0,-0.00229183,0,0,0,0,0,0,0,0,0,1,70,63,0,0.00034,0.00034,3,5,0,0,0,0,0,0,0,0,0,0,1,0,0,0,0,0,0,0,0,0,0,,0,0,0,0,
26,33.38,0,7.9,22,0,0,0,1.55,0,0,0,0,-12,0,0,0,0,-0.00229183,0,0,0,0,0,0,0,0,0,1,66,63,0,0.00034,0.00034,3,5,0,0,0,0,0,0,0,0,0,0,1,0,0,0,0,0,0,0,0,0,0,,0,0,0,0,
END,Total:27
START,FrameNb:10,CameraNb:0,HeSaiNb:0,ARS410Nb:0
2026/05/22 13:41:35:492---->
heightOffset:0,1779428495492,98192,selfCaliBufCnt:0,selfAccObjCnt:0,selfAccAngle:0,installHAngleOffset:0,Interpolation:0,installVAngleOffset:0,radarOffsetH:0,radarOffsetV:0.32,Polynom:-0.001023;-0.0511;-2.047;0;0;0;-0.001023;-0.0511;-2.047;-25.5;0;0,WheelDirection:0;0;0;0,selfAngleOffset:0,selfAngleOffsetPit:0,currCaliAngleHrz:0,currCaliAnglePit:0,selfCaliAngleHrz:0,selfCaliAnglePit:0,servCaliAngleHrz:0,servCaliAnglePit:0,offlineCaliAngleHrz:0,offlineCaliAnglePit:0,determine2useFlag:0,IMU_Z_Accel:-21.592,IMU_X_AngularRate:-2.093,IMU_Y_AngularRate:-2.093,IMU_RollAngle:-180,IMU_PitchAngle:-180,IMU_YawAngle:-180,FcwID:0,FCWWarningLevel:0,FCWTTC:0
0,0.94,0,6.8,35,0,0,0,-3.55,1.71472e-31,0,0,0,-14.5,0,0,0,0,-0.00229183,0,0,0,0,0,0,0,0,0,1,85,57,0,0.00034,0.00034,3,5,0,0,0,0,0,0,0,0,0,0,1,0,1,0,0,0,0,0,0,0,0,,0,0,0,0,
1,1.76,0,9.65,33.5,0,0,0,-10.85,0,0,0,0,-15,0,0,0,0,-0.00229183,0,0,0,0,0,0,0,0,0,1,82,57,0,0.00034,0.00034,3,0,0,0,0,0,0,0,0,0,0,0,1,0,1,0,0,0,0,0,0,0,0,,0,0,0,0,
2,2.34,0,10.65,26.5,0,0,0,-0.05,0,0,0,0,-21,0,0,0,0,-0.00229183,0,0,0,0,0,0,0,0,0,1,75,57,0,0.00034,0.00034,3,5,0,0,0,0,0,0,0,0,0,0,1,0,1,0,0,0,0,0,0,0,0,,0,0,0,0,
3,3.55,0,43.8,24,0,0,0,3,0,0,0,0,-8,0,0,0,0,-0.00229183,0,0,0,0,0,0,0,0,0,1,72,57,0,0.00034,0.00034,3,5,0,0,0,0,0,0,0,0,0,0,1,0,1,0,0,0,0,0,0,0,0,,0,0,0,0,
4,5.27,0,60.7,28.5,0,0,0,-8.55,0,0,0,0,6,0,0,0,0,-0.00229183,0,0,0,0,0,0,0,0,0,1,73,57,0,0.00034,0.00034,3,5,0,0,0,0,0,0,0,0,0,0,1,0,1,0,0,0,0,0,0,0,0,,0,0,0,0,
5,6.46,0,34.05,36.5,0,0,0,-3.85,0,0,0,0,-3.5,0,0,0,0,-0.00229183,0,0,0,0,0,0,0,0,0,1,81,57,0,0.00034,0.00034,3,0,0,0,0,0,0,0,0,0,0,0,1,0,1,0,0,0,0,0,0,0,0,,0,0,0,0,
6,7.23,0,23.8,35,0,0,0,-1.35,0,0,0,0,-9,0,0,0,0,-0.00229183,0,0,0,0,0,0,0,0,0,1,80,57,0,0.00034,0.00034,3,0,0,0,0,0,0,0,0,0,0,0,1,0,1,0,0,0,0,0,0,0,0,,0,0,0,0,
7,7.67,0,37.6,36.5,0,0,0,-2.7,0,0,0,0,1.5,0,0,0,0,-0.00229183,0,0,0,0,0,0,0,0,0,1,82,57,0,0.00034,0.00034,3,5,0,0,0,0,0,0,0,0,0,0,1,0,1,0,0,0,0,0,0,0,0,,0,0,0,0,
8,7.67,0,17.8,36.5,0,0,0,-3,0,0,0,0,-8.5,0,0,0,0,-0.00229183,0,0,0,0,0,0,0,0,0,1,82,57,0,0.00034,0.00034,3,5,0,0,0,0,0,0,0,0,0,0,1,0,1,0,0,0,0,0,0,0,0,,0,0,0,0,
9,8.28,0,17.4,34,0,0,0,-5.95,0,0,0,0,-10,0,0,0,0,-0.00229183,0,0,0,0,0,0,0,0,0,1,80,57,0,0.00034,0.00034,3,5,0,0,0,0,0,0,0,0,0,0,1,0,1,0,0,0,0,0,0,0,0,,0,0,0,0,
10,9.08,0,-43.1,29.5,0,0,0,-12.85,0,0,0,0,-3,0,0,0,0,-0.00229183,0,0,0,0,0,0,0,0,0,1,75,57,0,0.00034,0.00034,3,5,0,0,0,0,0,0,0,0,0,0,1,0,1,0,0,0,0,0,0,0,0,,0,0,0,0,
11,9.36,0,44.6,30,0,0,0,10.3,0,0,0,0,1.5,0,0,0,0,-0.00229183,0,0,0,0,0,0,0,0,0,1,75,57,0,0.00034,0.00034,3,5,0,0,0,0,0,0,0,0,0,0,1,0,1,0,0,0,0,0,0,0,0,,0,0,0,0,
12,10.32,0,28.95,27.5,0,0,0,12.8,0,0,0,0,-11.5,0,0,0,0,-0.00229183,0,0,0,0,0,0,0,0,0,1,73,57,0,0.00034,0.00034,3,5,0,0,0,0,0,0,0,0,0,0,1,0,1,0,0,0,0,0,0,0,0,,0,0,0,0,
13,11.15,0,13.3,25.5,0,0,0,0.15,0,0,0,0,-18,0,0,0,0,-0.00229183,0,0,0,0,0,0,0,0,0,1,71,57,0,0.00034,0.00034,3,5,0,0,0,0,0,0,0,0,0,0,1,0,1,0,0,0,0,0,0,0,0,,0,0,0,0,
14,11.76,0,9.4,26.5,0,0,0,10.4,0,0,0,0,-17.5,0,0,0,0,-0.00229183,0,0,0,0,0,0,0,0,0,1,72,57,0,0.00034,0.00034,3,5,0,0,0,0,0,0,0,0,0,0,1,0,1,0,0,0,0,0,0,0,0,,0,0,0,0,
15,12.78,0,21.15,25.5,0,0,0,5.15,0,0,0,0,-14,0,0,0,0,-0.00229183,0,0,0,0,0,0,0,0,0,1,71,57,0,0.00034,0.00034,3,5,0,0,0,0,0,0,0,0,0,0,1,0,1,0,0,0,0,0,0,0,0,,0,0,0,0,
16,13.7,0,20,28.5,0,0,0,-2.3,0,0,0,0,-11.5,0,0,0,0,-0.00229183,0,0,0,0,0,0,0,0,0,1,74,57,0,0.00034,0.00034,3,5,0,0,0,0,0,0,0,0,0,0,1,0,1,0,0,0,0,0,0,0,0,,0,0,0,0,
17,14.38,0,20.6,25,0,0,0,-0.75,0,0,0,0,-15,0,0,0,0,-0.00229183,0,0,0,0,0,0,0,0,0,1,71,57,0,0.00034,0.00034,3,5,0,0,0,0,0,0,0,0,0,0,1,0,1,0,0,0,0,0,0,0,0,,0,0,0,0,
18,16.09,0,19,25.5,0,0,0,0.3,0,0,0,0,-14,0,0,0,0,-0.00229183,0,0,0,0,0,0,0,0,0,1,71,57,0,0.00034,0.00034,3,5,0,0,0,0,0,0,0,0,0,0,1,0,1,0,0,0,0,0,0,0,0,,0,0,0,0,
19,16.86,0,16.95,32.5,0,0,0,1.9,0,0,0,0,-7.5,0,0,0,0,-0.00229183,0,0,0,0,0,0,0,0,0,1,78,57,0,0.00034,0.00034,3,5,0,0,0,0,0,0,0,0,0,0,1,0,1,0,0,0,0,0,0,0,0,,0,0,0,0,
20,18.06,0,16.1,23,0,0,0,-3.3,0,0,0,0,-17,0,0,0,0,-0.00229183,0,0,0,0,0,0,0,0,0,1,68,57,0,0.00034,0.00034,3,5,0,0,0,0,0,0,0,0,0,0,1,0,1,0,0,0,0,0,0,0,0,,0,0,0,0,
21,18.29,0,-57.85,21.5,0,0,0,7.05,0,0,0,0,2.5,0,0,0,0,-0.00229183,0,0,0,0,0,0,0,0,0,1,67,57,0,0.00034,0.00034,3,5,0,0,0,0,0,0,0,0,0,0,1,0,1,0,0,0,0,0,0,0,0,,0,0,0,0,
22,18.85,0,13.4,24,0,0,0,-1.45,0,0,0,0,-16.5,0,0,0,0,-0.00229183,0,0,0,0,0,0,0,0,0,1,69,57,0,0.00034,0.00034,3,5,0,0,0,0,0,0,0,0,0,0,1,0,1,0,0,0,0,0,0,0,0,,0,0,0,0,
23,19.48,0,18.5,18.5,0,0,0,5.7,0,0,0,0,-21.5,0,0,0,0,-0.00229183,0,0,0,0,0,0,0,0,0,1,63,57,0,0.00034,0.00034,3,5,0,0,0,0,0,0,0,0,0,0,1,0,1,0,0,0,0,0,0,0,0,,0,0,0,0,
24,22.84,0,-44.55,21,0,0,0,5.95,0,0,0,0,-5,0,0,0,0,-0.00229183,0,0,0,0,0,0,0,0,0,1,66,57,0,0.00034,0.00034,1,-1,0,0,0,0,0,0,0,0,0,0,1,0,1,0,0,0,0,0,0,0,0,,0,0,0,0,
25,25.6,0,7.3,20.5,0,0,0,2.75,0,0,0,0,-18,0,0,0,0,-0.00229183,0,0,0,0,0,0,0,0,0,1,65,57,0,0.00034,0.00034,3,5,0,0,0,0,0,0,0,0,0,0,1,0,1,0,0,0,0,0,0,0,0,,0,0,0,0,
26,31.51,0,5.55,26,0,0,0,0.3,0,0,0,0,-10.5,0,0,0,0,-0.00229183,0,0,0,0,0,0,0,0,0,1,70,57,0,0.00034,0.00034,3,5,0,0,0,0,0,0,0,0,0,0,1,0,1,0,0,0,0,0,0,0,0,,0,0,0,0,
27,33.38,0,7.85,22.5,0,0,3.12966e-33,-4.25,0,0,0,0,-12.5,0,0,0,0,-0.00229183,0,0,0,0,5.54525e-40,0,0,0,0,1,66,57,0,0.00034,0.00034,3,0,0,0,0,4.62855e-38,0,0,0,0,0,0,1,0,1,0,0,0,0,0,0,4.62855e-38,0,,0,0,0,0,
END,Total:28
START,FrameNb:11,CameraNb:0,HeSaiNb:0,ARS410Nb:0
2026/05/22 13:41:35:541---->
heightOffset:0,1779428495541,98248,selfCaliBufCnt:0,selfAccObjCnt:0,selfAccAngle:0,installHAngleOffset:0,Interpolation:0,installVAngleOffset:0,radarOffsetH:0,radarOffsetV:0.32,Polynom:-0.001023;-0.0511;-2.047;0;0;0;-0.001023;-0.0511;-2.047;-25.5;0;0,WheelDirection:0;0;0;0,selfAngleOffset:0,selfAngleOffsetPit:0,currCaliAngleHrz:0,currCaliAnglePit:0,selfCaliAngleHrz:0,selfCaliAnglePit:0,servCaliAngleHrz:0,servCaliAnglePit:0,offlineCaliAngleHrz:0,offlineCaliAnglePit:0,determine2useFlag:0,IMU_Z_Accel:-21.592,IMU_X_AngularRate:-2.093,IMU_Y_AngularRate:-2.093,IMU_RollAngle:-180,IMU_PitchAngle:-180,IMU_YawAngle:-180,FcwID:0,FCWWarningLevel:0,FCWTTC:0
0,0.94,0,6.7,35.5,0,0,0,-3.2,1.71472e-31,0,0,0,-14.5,0,0,0,0,-0.00229183,0,0,0,0,0,0,0,0,0,1,85,60,0,0.00034,0.00034,3,5,0,0,0,0,0,0,0,0,0,0,1,0,0,0,0,0,0,0,0,0,0,,0,0,0,0,
1,1.75,0,9.65,33.5,0,0,0,-10.8,0,0,0,0,-15,0,0,0,0,-0.00229183,0,0,0,0,0,0,0,0,0,1,82,60,0,0.00034,0.00034,3,0,0,0,0,0,0,0,0,0,0,0,1,0,0,0,0,0,0,0,0,0,0,,0,0,0,0,
2,2.34,0,10.65,26.5,0,0,0,-0.2,0,0,0,0,-21.5,0,0,0,0,-0.00229183,0,0,0,0,0,0,0,0,0,1,75,60,0,0.00034,0.00034,3,5,0,0,0,0,0,0,0,0,0,0,1,0,0,0,0,0,0,0,0,0,0,,0,0,0,0,
3,3.53,0,43.8,24,0,0,0,-4.7,0,0,0,0,-8,0,0,0,0,-0.00229183,0,0,0,0,0,0,0,0,0,1,72,60,0,0.00034,0.00034,3,5,0,0,0,0,0,0,0,0,0,0,1,0,0,0,0,0,0,0,0,0,0,,0,0,0,0,
4,5,0,2.65,25,0,0,0,-12.8,0,0,0,0,-25,0,0,0,0,-0.00229183,0,0,0,0,0,0,0,0,0,1,71,60,0,0.00034,0.00034,2,-1,0,0,0,0,0,0,0,0,0,0,1,0,0,0,0,0,0,0,0,0,0,,0,0,0,0,
5,5.27,0,-61.85,28.5,0,0,0,5,0,0,0,0,4,0,0,0,0,-0.00229183,0,0,0,0,0,0,0,0,0,1,73,60,0,0.00034,0.00034,2,-1,0,0,0,0,0,0,0,0,0,0,1,0,0,0,0,0,0,0,0,0,0,,0,0,0,0,
6,6.46,0,34.05,36.5,0,0,0,-3.85,0,0,0,0,-3.5,0,0,0,0,-0.00229183,0,0,0,0,0,0,0,0,0,1,81,60,0,0.00034,0.00034,3,0,0,0,0,0,0,0,0,0,0,0,1,0,0,0,0,0,0,0,0,0,0,,0,0,0,0,
7,7.23,0,23.8,35,0,0,0,-1.45,0,0,0,0,-9,0,0,0,0,-0.00229183,0,0,0,0,0,0,0,0,0,1,80,60,0,0.00034,0.00034,3,0,0,0,0,0,0,0,0,0,0,0,1,0,0,0,0,0,0,0,0,0,0,,0,0,0,0,
8,7.67,0,37.65,36.5,0,0,0,-2.7,0,0,0,0,1.5,0,0,0,0,-0.00229183,0,0,0,0,0,0,0,0,0,1,82,60,0,0.00034,0.00034,3,5,0,0,0,0,0,0,0,0,0,0,1,0,0,0,0,0,0,0,0,0,0,,0,0,0,0,
9,7.67,0,17.8,36.5,0,0,0,-2.95,0,0,0,0,-8.5,0,0,0,0,-0.00229183,0,0,0,0,0,0,0,0,0,1,82,60,0,0.00034,0.00034,3,5,0,0,0,0,0,0,0,0,0,0,1,0,0,0,0,0,0,0,0,0,0,,0,0,0,0,
10,8.28,0,17.3,34,0,0,0,-6.05,0,0,0,0,-10,0,0,0,0,-0.00229183,0,0,0,0,0,0,0,0,0,1,80,60,0,0.00034,0.00034,3,5,0,0,0,0,0,0,0,0,0,0,1,0,0,0,0,0,0,0,0,0,0,,0,0,0,0,
11,9.08,0,-43.1,29.5,0,0,0,-12.7,0,0,0,0,-3,0,0,0,0,-0.00229183,0,0,0,0,0,0,0,0,0,1,75,60,0,0.00034,0.00034,3,5,0,0,0,0,0,0,0,0,0,0,1,0,0,0,0,0,0,0,0,0,0,,0,0,0,0,
12,9.33,0,44.65,29.5,0,0,0,10.4,0,0,0,0,1,0,0,0,0,-0.00229183,0,0,0,0,0,0,0,0,0,1,75,60,0,0.00034,0.00034,3,5,0,0,0,0,0,0,0,0,0,0,1,0,0,0,0,0,0,0,0,0,0,,0,0,0,0,
13,10.49,0,28.7,27,0,0,0,13,0,0,0,0,-11.5,0,0,0,0,-0.00229183,0,0,0,0,0,0,0,0,0,1,73,60,0,0.00034,0.00034,3,5,0,0,0,0,0,0,0,0,0,0,1,0,0,0,0,0,0,0,0,0,0,,0,0,0,0,
14,11.14,0,-0.4,25.5,0,0,0,-13,0,0,0,0,-20,0,0,0,0,-0.00229183,0,0,0,0,0,0,0,0,0,1,71,60,0,0.00034,0.00034,3,5,0,0,0,0,0,0,0,0,0,0,1,0,0,0,0,0,0,0,0,0,0,,0,0,0,0,
15,11.76,0,9.35,26.5,0,0,0,10.3,0,0,0,0,-18,0,0,0,0,-0.00229183,0,0,0,0,0,0,0,0,0,1,72,60,0,0.00034,0.00034,3,5,0,0,0,0,0,0,0,0,0,0,1,0,0,0,0,0,0,0,0,0,0,,0,0,0,0,
16,12.78,0,20.85,26,0,0,0,4.95,0,0,0,0,-14.5,0,0,0,0,-0.00229183,0,0,0,0,0,0,0,0,0,1,72,60,0,0.00034,0.00034,3,5,0,0,0,0,0,0,0,0,0,0,1,0,0,0,0,0,0,0,0,0,0,,0,0,0,0,
17,13.72,0,-43.7,28.5,0,0,0,-9.3,0,0,0,0,-1.5,0,0,0,0,-0.00229183,0,0,0,0,0,0,0,0,0,1,74,60,0,0.00034,0.00034,3,5,0,0,0,0,0,0,0,0,0,0,1,0,0,0,0,0,0,0,0,0,0,,0,0,0,0,
18,14.39,0,20.55,25.5,0,0,0,-0.75,0,0,0,0,-15,0,0,0,0,-0.00229183,0,0,0,0,0,0,0,0,0,1,71,60,0,0.00034,0.00034,3,5,0,0,0,0,0,0,0,0,0,0,1,0,0,0,0,0,0,0,0,0,0,,0,0,0,0,
19,16.1,0,19.1,25.5,0,0,0,0.15,0,0,0,0,-14,0,0,0,0,-0.00229183,0,0,0,0,0,0,0,0,0,1,71,60,0,0.00034,0.00034,3,5,0,0,0,0,0,0,0,0,0,0,1,0,0,0,0,0,0,0,0,0,0,,0,0,0,0,
20,16.86,0,16.95,33,0,0,0,1.75,0,0,0,0,-7.5,0,0,0,0,-0.00229183,0,0,0,0,0,0,0,0,0,1,78,60,0,0.00034,0.00034,3,5,0,0,0,0,0,0,0,0,0,0,1,0,0,0,0,0,0,0,0,0,0,,0,0,0,0,
21,18.05,0,16.05,23,0,0,0,-3.1,0,0,0,0,-17,0,0,0,0,-0.00229183,0,0,0,0,0,0,0,0,0,1,68,60,0,0.00034,0.00034,3,5,0,0,0,0,0,0,0,0,0,0,1,0,0,0,0,0,0,0,0,0,0,,0,0,0,0,
22,18.3,0,9.1,21.5,0,0,0,-1.1,0,0,0,0,-20.5,0,0,0,0,-0.00229183,0,0,0,0,0,0,0,0,0,1,67,60,0,0.00034,0.00034,3,5,0,0,0,0,0,0,0,0,0,0,1,0,0,0,0,0,0,0,0,0,0,,0,0,0,0,
23,18.85,0,13.05,24.5,0,0,0,-1.45,0,0,0,0,-16.5,0,0,0,0,-0.00229183,0,0,0,0,0,0,0,0,0,1,69,60,0,0.00034,0.00034,3,5,0,0,0,0,0,0,0,0,0,0,1,0,0,0,0,0,0,0,0,0,0,,0,0,0,0,
24,19.5,0,18.5,19,0,0,0,5.3,0,0,0,0,-21,0,0,0,0,-0.00229183,0,0,0,0,0,0,0,0,0,1,63,60,0,0.00034,0.00034,3,5,0,0,0,0,0,0,0,0,0,0,1,0,0,0,0,0,0,0,0,0,0,,0,0,0,0,
25,21.37,0,7.2,19.5,0,0,0,-4.8,0,0,0,0,-21.5,0,0,0,0,-0.00229183,0,0,0,0,0,0,0,0,0,1,64,60,0,0.00034,0.00034,2,-1,0,0,0,0,0,0,0,0,0,0,1,0,0,0,0,0,0,0,0,0,0,,0,0,0,0,
26,22.85,0,-44.45,21.5,0,0,0,5.75,0,0,0,0,-5,0,0,0,0,-0.00229183,0,0,0,0,0,0,0,0,0,1,65,60,0,0.00034,0.00034,3,5,0,0,0,0,0,0,0,0,0,0,1,0,0,0,0,0,0,0,0,0,0,,0,0,0,0,
27,25.59,0,7.3,21,0,0,3.12966e-33,3,0,0,0,0,-18,0,0,0,0,-0.00229183,0,0,0,0,5.54525e-40,0,0,0,0,1,65,60,0,0.00034,0.00034,3,5,0,0,0,4.62855e-38,0,0,0,0,0,0,1,0,0,0,0,0,0,0,0,4.62855e-38,0,,0,0,0,0,
28,31.5,0,5.45,25.5,0,0,0,-0.05,0,0,0,0,-11.5,0,0,0,0,-0.00229183,0,0,0,0,0,0,0,0,0,1,69,60,0,0.00034,0.00034,3,5,0,0,0,0,0,0,0,0,0,0,1,0,0,0,0,0,0,0,0,0,0,,0,0,0,0,
29,33.38,0,7.9,23,0,0,0,-3.1,0,0,0,0,-12.5,0,0,0,0,-0.00229183,0,0,0,0,0,0,0,0,0,1,66,60,0,0.00034,0.00034,3,0,0,0,0,0,0,0,0,0,0,0,1,0,0,0,0,0,0,0,0,0,0,,0,0,0,0,
END,Total:30
START,FrameNb:12,CameraNb:0,HeSaiNb:0,ARS410Nb:0
2026/05/22 13:41:35:583---->
heightOffset:0,1779428495583,98308,selfCaliBufCnt:0,selfAccObjCnt:0,selfAccAngle:0,installHAngleOffset:0,Interpolation:0,installVAngleOffset:0,radarOffsetH:0,radarOffsetV:0.32,Polynom:-0.001023;-0.0511;-2.047;0;0;0;-0.001023;-0.0511;-2.047;-25.5;0;0,WheelDirection:0;0;0;0,selfAngleOffset:0,selfAngleOffsetPit:0,currCaliAngleHrz:0,currCaliAnglePit:0,selfCaliAngleHrz:0,selfCaliAnglePit:0,servCaliAngleHrz:0,servCaliAnglePit:0,offlineCaliAngleHrz:0,offlineCaliAnglePit:0,determine2useFlag:0,IMU_Z_Accel:-21.592,IMU_X_AngularRate:-2.093,IMU_Y_AngularRate:-2.093,IMU_RollAngle:-180,IMU_PitchAngle:-180,IMU_YawAngle:-180,FcwID:0,FCWWarningLevel:0,FCWTTC:0
0,0.94,0,6.7,35.5,0,0,0,-3.3,1.71472e-31,0,0,0,-14.5,0,0,0,0,-0.00229183,0,0,0,0,0,0,0,0,0,1,85,57,0,0.00034,0.00034,3,5,0,0,0,0,0,0,0,0,0,0,1,0,1,0,0,0,0,0,0,0,0,,0,0,0,0,
1,1.75,0,9.65,33.5,0,0,0,-10.85,0,0,0,0,-14.5,0,0,0,0,-0.00229183,0,0,0,0,0,0,0,0,0,1,82,57,0,0.00034,0.00034,3,0,0,0,0,0,0,0,0,0,0,0,1,0,1,0,0,0,0,0,0,0,0,,0,0,0,0,
2,2.34,0,10.6,26,0,0,0,-0.45,0,0,0,0,-22,0,0,0,0,-0.00229183,0,0,0,0,0,0,0,0,0,1,75,57,0,0.00034,0.00034,3,5,0,0,0,0,0,0,0,0,0,0,1,0,1,0,0,0,0,0,0,0,0,,0,0,0,0,
3,3.56,0,-39.4,24,0,0,0,9.25,0,0,0,0,-14,0,0,0,0,-0.00229183,0,0,0,0,0,0,0,0,0,1,72,57,0,0.00034,0.00034,3,5,0,0,0,0,0,0,0,0,0,0,1,0,1,0,0,0,0,0,0,0,0,,0,0,0,0,
4,4.98,0,2.65,25,0,0,0,-12.7,0,0,0,0,-25,0,0,0,0,-0.00229183,0,0,0,0,0,0,0,0,0,1,71,57,0,0.00034,0.00034,3,5,0,0,0,0,0,0,0,0,0,0,1,0,1,0,0,0,0,0,0,0,0,,0,0,0,0,
5,5.27,0,60.95,28.5,0,0,0,-8.55,0,0,0,0,6,0,0,0,0,-0.00229183,0,0,0,0,0,0,0,0,0,1,73,57,0,0.00034,0.00034,3,5,0,0,0,0,0,0,0,0,0,0,1,0,1,0,0,0,0,0,0,0,0,,0,0,0,0,
6,6.46,0,34.05,36.5,0,0,0,-3.85,0,0,0,0,-3.5,0,0,0,0,-0.00229183,0,0,0,0,0,0,0,0,0,1,81,57,0,0.00034,0.00034,3,0,0,0,0,0,0,0,0,0,0,0,1,0,1,0,0,0,0,0,0,0,0,,0,0,0,0,
7,7.23,0,23.8,35,0,0,0,-1.35,0,0,0,0,-9,0,0,0,0,-0.00229183,0,0,0,0,0,0,0,0,0,1,80,57,0,0.00034,0.00034,3,5,0,0,0,0,0,0,0,0,0,0,1,0,1,0,0,0,0,0,0,0,0,,0,0,0,0,
8,7.67,0,37.6,36.5,0,0,0,-2.6,0,0,0,0,1.5,0,0,0,0,-0.00229183,0,0,0,0,0,0,0,0,0,1,82,57,0,0.00034,0.00034,3,5,0,0,0,0,0,0,0,0,0,0,1,0,1,0,0,0,0,0,0,0,0,,0,0,0,0,
9,7.67,0,17.8,36.5,0,0,0,-2.95,0,0,0,0,-8.5,0,0,0,0,-0.00229183,0,0,0,0,0,0,0,0,0,1,82,57,0,0.00034,0.00034,3,5,0,0,0,0,0,0,0,0,0,0,1,0,1,0,0,0,0,0,0,0,0,,0,0,0,0,
10,8.28,0,17.35,34.5,0,0,0,-5.85,0,0,0,0,-10,0,0,0,0,-0.00229183,0,0,0,0,0,0,0,0,0,1,80,57,0,0.00034,0.00034,3,5,0,0,0,0,0,0,0,0,0,0,1,0,1,0,0,0,0,0,0,0,0,,0,0,0,0,
11,9.08,0,-43,29.5,0,0,0,-12.45,0,0,0,0,-3,0,0,0,0,-0.00229183,0,0,0,0,0,0,0,0,0,1,75,57,0,0.00034,0.00034,3,5,0,0,0,0,0,0,0,0,0,0,1,0,1,0,0,0,0,0,0,0,0,,0,0,0,0,
12,9.38,0,44.6,29.5,0,0,0,10.55,0,0,0,0,1,0,0,0,0,-0.00229183,0,0,0,0,0,0,0,0,0,1,75,57,0,0.00034,0.00034,3,5,0,0,0,0,0,0,0,0,0,0,1,0,1,0,0,0,0,0,0,0,0,,0,0,0,0,
13,10.48,0,-12.55,27,0,0,0,0.05,0,0,0,0,-17.5,0,0,0,0,-0.00229183,0,0,0,0,0,0,0,0,0,1,73,57,0,0.00034,0.00034,3,5,0,0,0,0,0,0,0,0,0,0,1,0,1,0,0,0,0,0,0,0,0,,0,0,0,0,
14,10.73,0,-59.85,23.5,0,0,0,1.75,0,0,0,0,3,0,0,0,0,-0.00229183,0,0,0,0,0,0,0,0,0,1,69,57,0,0.00034,0.00034,3,5,0,0,0,0,0,0,0,0,0,0,1,0,1,0,0,0,0,0,0,0,0,,0,0,0,0,
15,11.16,0,-0.35,25.5,0,0,0,-12.75,0,0,0,0,-20,0,0,0,0,-0.00229183,0,0,0,0,0,0,0,0,0,1,71,57,0,0.00034,0.00034,3,5,0,0,0,0,0,0,0,0,0,0,1,0,1,0,0,0,0,0,0,0,0,,0,0,0,0,
16,11.76,0,9.35,26.5,0,0,0,9.15,0,0,0,0,-17.5,0,0,0,0,-0.00229183,0,0,0,0,0,0,0,0,0,1,72,57,0,0.00034,0.00034,3,5,0,0,0,0,0,0,0,0,0,0,1,0,1,0,0,0,0,0,0,0,0,,0,0,0,0,
17,12.79,0,20.7,25.5,0,0,0,-5.8,0,0,0,0,-14.5,0,0,0,0,-0.00229183,0,0,0,0,0,0,0,0,0,1,72,57,0,0.00034,0.00034,3,5,0,0,0,0,0,0,0,0,0,0,1,0,1,0,0,0,0,0,0,0,0,,0,0,0,0,
18,13.72,0,20.05,28,0,0,0,-2.3,0,0,0,0,-11.5,0,0,0,0,-0.00229183,0,0,0,0,0,0,0,0,0,1,74,57,0,0.00034,0.00034,3,5,0,0,0,0,0,0,0,0,0,0,1,0,1,0,0,0,0,0,0,0,0,,0,0,0,0,
19,14.39,0,20.55,24.5,0,0,0,-0.8,0,0,0,0,-15,0,0,0,0,-0.00229183,0,0,0,0,0,0,0,0,0,1,71,57,0,0.00034,0.00034,3,5,0,0,0,0,0,0,0,0,0,0,1,0,1,0,0,0,0,0,0,0,0,,0,0,0,0,
20,16.08,0,19.05,25.5,0,0,0,0.3,0,0,0,0,-13.5,0,0,0,0,-0.00229183,0,0,0,0,0,0,0,0,0,1,71,57,0,0.00034,0.00034,3,5,0,0,0,0,0,0,0,0,0,0,1,0,1,0,0,0,0,0,0,0,0,,0,0,0,0,
21,16.87,0,17.1,32.5,0,0,0,1.8,0,0,0,0,-7.5,0,0,0,0,-0.00229183,0,0,0,0,0,0,0,0,0,1,78,57,0,0.00034,0.00034,3,5,0,0,0,0,0,0,0,0,0,0,1,0,1,0,0,0,0,0,0,0,0,,0,0,0,0,
22,17.95,0,16.15,22.5,0,0,0,-3.35,0,0,0,0,-17,0,0,0,0,-0.00229183,0,0,0,0,0,0,0,0,0,1,68,57,0,0.00034,0.00034,3,5,0,0,0,0,0,0,0,0,0,0,1,0,1,0,0,0,0,0,0,0,0,,0,0,0,0,
23,18.31,0,-57.3,21,0,0,0,6.95,0,0,0,0,2.5,0,0,0,0,-0.00229183,0,0,0,0,0,0,0,0,0,1,67,57,0,0.00034,0.00034,3,5,0,0,0,0,0,0,0,0,0,0,1,0,1,0,0,0,0,0,0,0,0,,0,0,0,0,
24,18.84,0,-51.45,23.5,0,0,0,5.55,0,0,0,0,1,0,0,0,0,-0.00229183,0,0,0,0,0,0,0,0,0,1,69,57,0,0.00034,0.00034,3,5,0,0,0,0,0,0,0,0,0,0,1,0,1,0,0,0,0,0,0,0,0,,0,0,0,0,
25,19.49,0,18.55,18.5,0,0,0,5.55,0,0,0,0,-21,0,0,0,0,-0.00229183,0,0,0,0,0,0,0,0,0,1,64,57,0,0.00034,0.00034,3,5,0,0,0,0,0,0,0,0,0,0,1,0,1,0,0,0,0,0,0,0,0,,0,0,0,0,
26,25.58,0,7.35,20,0,0,0,3.2,0,0,0,0,-18,0,0,0,0,-0.00229183,0,0,0,0,0,0,0,0,0,1,65,57,0,0.00034,0.00034,3,5,0,0,0,0,0,0,0,0,0,0,1,0,1,0,0,0,0,0,0,0,0,,0,0,0,0,
27,33.37,0,7.85,21.5,0,0,3.12966e-33,1.3,0,0,0,0,-12.5,0,0,0,0,-0.00229183,0,0,0,0,5.54525e-40,0,0,0,0,1,66,57,0,0.00034,0.00034,3,0,0,0,0,4.62855e-38,0,0,0,0,0,0,1,0,1,0,0,0,0,0,0,4.62855e-38,0,,0,0,0,0,
END,Total:28
START,FrameNb:13,CameraNb:0,HeSaiNb:0,ARS410Nb:0
2026/05/22 13:41:35:629---->
heightOffset:0,1779428495629,98372,selfCaliBufCnt:0,selfAccObjCnt:0,selfAccAngle:0,installHAngleOffset:0,Interpolation:0,installVAngleOffset:0,radarOffsetH:0,radarOffsetV:0.32,Polynom:-0.001023;-0.0511;-2.047;0;0;0;-0.001023;-0.0511;-2.047;-25.5;0;0,WheelDirection:0;0;0;0,selfAngleOffset:0,selfAngleOffsetPit:0,currCaliAngleHrz:0,currCaliAnglePit:0,selfCaliAngleHrz:0,selfCaliAnglePit:0,servCaliAngleHrz:0,servCaliAnglePit:0,offlineCaliAngleHrz:0,offlineCaliAnglePit:0,determine2useFlag:0,IMU_Z_Accel:-21.592,IMU_X_AngularRate:-2.093,IMU_Y_AngularRate:-2.093,IMU_RollAngle:-180,IMU_PitchAngle:-180,IMU_YawAngle:-180,FcwID:0,FCWWarningLevel:0,FCWTTC:0
0,0.94,0,6.7,35,0,0,0,-3.25,1.71472e-31,0,0,0,-14.5,0,0,0,0,-0.00229183,0,0,0,0,0,0,0,0,0,1,85,69,0,0.00034,0.00034,3,5,0,0,0,0,0,0,0,0,0,0,1,0,0,0,0,0,0,0,0,0,0,,0,0,0,0,
1,1.76,0,9.8,33.5,0,0,0,-11.05,0,0,0,0,-14.5,0,0,0,0,-0.00229183,0,0,0,0,0,0,0,0,0,1,82,69,0,0.00034,0.00034,3,0,0,0,0,0,0,0,0,0,0,0,1,0,0,0,0,0,0,0,0,0,0,,0,0,0,0,
2,2.35,0,10.7,26.5,0,0,0,0,0,0,0,0,-21,0,0,0,0,-0.00229183,0,0,0,0,0,0,0,0,0,1,75,69,0,0.00034,0.00034,3,5,0,0,0,0,0,0,0,0,0,0,1,0,0,0,0,0,0,0,0,0,0,,0,0,0,0,
3,3.53,0,43.85,24,0,0,0,3.4,0,0,0,0,-8,0,0,0,0,-0.00229183,0,0,0,0,0,0,0,0,0,1,72,69,0,0.00034,0.00034,3,5,0,0,0,0,0,0,0,0,0,0,1,0,0,0,0,0,0,0,0,0,0,,0,0,0,0,
4,4.99,0,2.55,24.5,0,0,0,-13.2,0,0,0,0,-25.5,0,0,0,0,-0.00229183,0,0,0,0,0,0,0,0,0,1,71,69,0,0.00034,0.00034,3,5,0,0,0,0,0,0,0,0,0,0,1,0,0,0,0,0,0,0,0,0,0,,0,0,0,0,
5,5.27,0,60.85,28.5,0,0,0,-8.75,0,0,0,0,6.5,0,0,0,0,-0.00229183,0,0,0,0,0,0,0,0,0,1,73,69,0,0.00034,0.00034,2,-1,0,0,0,0,0,0,0,0,0,0,1,0,0,0,0,0,0,0,0,0,0,,0,0,0,0,
6,6.46,0,34.05,36.5,0,0,0,-3.85,0,0,0,0,-3.5,0,0,0,0,-0.00229183,0,0,0,0,0,0,0,0,0,1,81,69,0,0.00034,0.00034,3,0,0,0,0,0,0,0,0,0,0,0,1,0,0,0,0,0,0,0,0,0,0,,0,0,0,0,
7,7.23,0,23.8,34.5,0,0,0,-1.45,0,0,0,0,-9,0,0,0,0,-0.00229183,0,0,0,0,0,0,0,0,0,1,80,69,0,0.00034,0.00034,3,0,0,0,0,0,0,0,0,0,0,0,1,0,0,0,0,0,0,0,0,0,0,,0,0,0,0,
8,7.66,0,37.6,36.5,0,0,0,-2.7,0,0,0,0,1.5,0,0,0,0,-0.00229183,0,0,0,0,0,0,0,0,0,1,82,69,0,0.00034,0.00034,3,5,0,0,0,0,0,0,0,0,0,0,1,0,0,0,0,0,0,0,0,0,0,,0,0,0,0,
9,7.66,0,17.8,36.5,0,0,0,-2.95,0,0,0,0,-8.5,0,0,0,0,-0.00229183,0,0,0,0,0,0,0,0,0,1,82,69,0,0.00034,0.00034,3,5,0,0,0,0,0,0,0,0,0,0,1,0,0,0,0,0,0,0,0,0,0,,0,0,0,0,
10,8.28,0,17.35,34,0,0,0,-5.95,0,0,0,0,-10,0,0,0,0,-0.00229183,0,0,0,0,0,0,0,0,0,1,80,69,0,0.00034,0.00034,3,5,0,0,0,0,0,0,0,0,0,0,1,0,0,0,0,0,0,0,0,0,0,,0,0,0,0,
11,9.07,0,-43,29.5,0,0,0,-12.1,0,0,0,0,-3,0,0,0,0,-0.00229183,0,0,0,0,0,0,0,0,0,1,75,69,0,0.00034,0.00034,3,5,0,0,0,0,0,0,0,0,0,0,1,0,0,0,0,0,0,0,0,0,0,,0,0,0,0,
12,9.37,0,44.7,29,0,0,0,10.45,0,0,0,0,1.5,0,0,0,0,-0.00229183,0,0,0,0,0,0,0,0,0,1,75,69,0,0.00034,0.00034,3,5,0,0,0,0,0,0,0,0,0,0,1,0,0,0,0,0,0,0,0,0,0,,0,0,0,0,
13,10.28,0,-32.6,27,0,0,0,-14.2,0,0,0,0,-10.5,0,0,0,0,-0.00229183,0,0,0,0,0,0,0,0,0,1,73,69,0,0.00034,0.00034,3,5,0,0,0,0,0,0,0,0,0,0,1,0,0,0,0,0,0,0,0,0,0,,0,0,0,0,
14,11.15,0,13.15,25,0,0,0,0.75,0,0,0,0,-17.5,0,0,0,0,-0.00229183,0,0,0,0,0,0,0,0,0,1,71,69,0,0.00034,0.00034,3,5,0,0,0,0,0,0,0,0,0,0,1,0,0,0,0,0,0,0,0,0,0,,0,0,0,0,
15,11.76,0,9.45,26,0,0,0,10.8,0,0,0,0,-17.5,0,0,0,0,-0.00229183,0,0,0,0,0,0,0,0,0,1,72,69,0,0.00034,0.00034,3,5,0,0,0,0,0,0,0,0,0,0,1,0,0,0,0,0,0,0,0,0,0,,0,0,0,0,
16,12.78,0,20.8,25.5,0,0,0,4.95,0,0,0,0,-14.5,0,0,0,0,-0.00229183,0,0,0,0,0,0,0,0,0,1,72,69,0,0.00034,0.00034,3,5,0,0,0,0,0,0,0,0,0,0,1,0,0,0,0,0,0,0,0,0,0,,0,0,0,0,
17,13.71,0,20,28,0,0,0,-2.45,0,0,0,0,-11.5,0,0,0,0,-0.00229183,0,0,0,0,0,0,0,0,0,1,74,69,0,0.00034,0.00034,3,5,0,0,0,0,0,0,0,0,0,0,1,0,0,0,0,0,0,0,0,0,0,,0,0,0,0,
18,16.09,0,18.95,24.5,0,0,0,0.45,0,0,0,0,-15,0,0,0,0,-0.00229183,0,0,0,0,0,0,0,0,0,1,71,69,0,0.00034,0.00034,3,5,0,0,0,0,0,0,0,0,0,0,1,0,0,0,0,0,0,0,0,0,0,,0,0,0,0,
19,16.86,0,17,32,0,0,0,1.8,0,0,0,0,-7.5,0,0,0,0,-0.00229183,0,0,0,0,0,0,0,0,0,1,78,69,0,0.00034,0.00034,3,5,0,0,0,0,0,0,0,0,0,0,1,0,0,0,0,0,0,0,0,0,0,,0,0,0,0,
20,18,0,16.3,21.5,0,0,0,-3.1,0,0,0,0,-17,0,0,0,0,-0.00229183,0,0,0,0,0,0,0,0,0,1,68,69,0,0.00034,0.00034,3,5,0,0,0,0,0,0,0,0,0,0,1,0,0,0,0,0,0,0,0,0,0,,0,0,0,0,
21,18.42,0,9.1,20.5,0,0,0,-1,0,0,0,0,-20.5,0,0,0,0,-0.00229183,0,0,0,0,0,0,0,0,0,1,67,69,0,0.00034,0.00034,3,5,0,0,0,0,0,0,0,0,0,0,1,0,0,0,0,0,0,0,0,0,0,,0,0,0,0,
22,18.82,0,-51.55,23,0,0,0,7.25,0,0,0,0,1.5,0,0,0,0,-0.00229183,0,0,0,0,0,0,0,0,0,1,69,69,0,0.00034,0.00034,3,5,0,0,0,0,0,0,0,0,0,0,1,0,0,0,0,0,0,0,0,0,0,,0,0,0,0,
23,25.59,0,7.35,19,0,0,0,1.8,0,0,0,0,-18,0,0,0,0,-0.00229183,0,0,0,0,0,0,0,0,0,1,65,69,0,0.00034,0.00034,3,5,0,0,0,0,0,0,0,0,0,0,1,0,0,0,0,0,0,0,0,0,0,,0,0,0,0,
24,31.74,0,11.95,22.5,0,0,0,-0.3,0,0,0,0,-11.5,0,0,0,0,-0.00229183,0,0,0,0,0,0,0,0,0,1,68,69,0,0.00034,0.00034,3,5,0,0,0,0,0,0,0,0,0,0,1,0,0,0,0,0,0,0,0,0,0,,0,0,0,0,
25,33.38,0,7.95,21,0,0,0,-3.35,0,0,0,0,-12,0,0,0,0,-0.00229183,0,0,0,0,0,0,0,0,0,1,66,69,0,0.00034,0.00034,3,5,0,0,0,0,0,0,0,0,0,0,1,0,0,0,0,0,0,0,0,0,0,,0,0,0,0,
END,Total:26
START,FrameNb:14,CameraNb:0,HeSaiNb:0,ARS410Nb:0
2026/05/22 13:41:35:678---->
heightOffset:0,1779428495678,98432,selfCaliBufCnt:0,selfAccObjCnt:0,selfAccAngle:0,installHAngleOffset:0,Interpolation:0,installVAngleOffset:0,radarOffsetH:0,radarOffsetV:0.32,Polynom:-0.001023;-0.0511;-2.047;0;0;0;-0.001023;-0.0511;-2.047;-25.5;0;0,WheelDirection:0;0;0;0,selfAngleOffset:0,selfAngleOffsetPit:0,currCaliAngleHrz:0,currCaliAnglePit:0,selfCaliAngleHrz:0,selfCaliAnglePit:0,servCaliAngleHrz:0,servCaliAnglePit:0,offlineCaliAngleHrz:0,offlineCaliAnglePit:0,determine2useFlag:0,IMU_Z_Accel:-21.592,IMU_X_AngularRate:-2.093,IMU_Y_AngularRate:-2.093,IMU_RollAngle:-180,IMU_PitchAngle:-180,IMU_YawAngle:-180,FcwID:0,FCWWarningLevel:0,FCWTTC:0
0,0.94,0,6.7,35,0,0,0,-3.35,1.71472e-31,0,0,0,-14.5,0,0,0,0,-0.00229183,0,0,0,0,0,0,0,0,0,1,85,58,0,0.00034,0.00034,3,5,0,0,0,0,0,0,0,0,0,0,1,0,1,0,0,0,0,0,0,0,0,,0,0,0,0,
1,1.77,0,9.7,33.5,0,0,0,-10.45,0,0,0,0,-14.5,0,0,0,0,-0.00229183,0,0,0,0,0,0,0,0,0,1,82,58,0,0.00034,0.00034,3,0,0,0,0,0,0,0,0,0,0,0,1,0,1,0,0,0,0,0,0,0,0,,0,0,0,0,
2,2.52,0,10.8,27,0,0,0,-12.1,0,0,0,0,-20.5,0,0,0,0,-0.00229183,0,0,0,0,0,0,0,0,0,1,76,58,0,0.00034,0.00034,3,5,0,0,0,0,0,0,0,0,0,0,1,0,1,0,0,0,0,0,0,0,0,,0,0,0,0,
3,3.57,0,-39.7,23.5,0,0,0,9.65,0,0,0,0,-14,0,0,0,0,-0.00229183,0,0,0,0,0,0,0,0,0,1,71,58,0,0.00034,0.00034,3,5,0,0,0,0,0,0,0,0,0,0,1,0,1,0,0,0,0,0,0,0,0,,0,0,0,0,
4,4.58,0,31.05,22,0,0,0,-12.2,0,0,0,0,-18,0,0,0,0,-0.00229183,0,0,0,0,0,0,0,0,0,1,69,58,0,0.00034,0.00034,3,5,0,0,0,0,0,0,0,0,0,0,1,0,1,0,0,0,0,0,0,0,0,,0,0,0,0,
5,4.94,0,2.4,24.5,0,0,0,-13.1,0,0,0,0,-25.5,0,0,0,0,-0.00229183,0,0,0,0,0,0,0,0,0,1,70,58,0,0.00034,0.00034,3,5,0,0,0,0,0,0,0,0,0,0,1,0,1,0,0,0,0,0,0,0,0,,0,0,0,0,
6,5.28,0,60.6,28.5,0,0,0,-8.3,0,0,0,0,6,0,0,0,0,-0.00229183,0,0,0,0,0,0,0,0,0,1,73,58,0,0.00034,0.00034,3,5,0,0,0,0,0,0,0,0,0,0,1,0,1,0,0,0,0,0,0,0,0,,0,0,0,0,
7,6.46,0,34.05,36.5,0,0,0,-3.85,0,0,0,0,-3.5,0,0,0,0,-0.00229183,0,0,0,0,0,0,0,0,0,1,81,58,0,0.00034,0.00034,3,0,0,0,0,0,0,0,0,0,0,0,1,0,1,0,0,0,0,0,0,0,0,,0,0,0,0,
8,7.23,0,23.8,35,0,0,0,-1.35,0,0,0,0,-9,0,0,0,0,-0.00229183,0,0,0,0,0,0,0,0,0,1,80,58,0,0.00034,0.00034,3,0,0,0,0,0,0,0,0,0,0,0,1,0,1,0,0,0,0,0,0,0,0,,0,0,0,0,
9,7.67,0,37.6,36.5,0,0,0,-2.6,0,0,0,0,1.5,0,0,0,0,-0.00229183,0,0,0,0,0,0,0,0,0,1,82,58,0,0.00034,0.00034,3,5,0,0,0,0,0,0,0,0,0,0,1,0,1,0,0,0,0,0,0,0,0,,0,0,0,0,
10,7.67,0,17.8,36.5,0,0,0,-2.95,0,0,0,0,-8.5,0,0,0,0,-0.00229183,0,0,0,0,0,0,0,0,0,1,82,58,0,0.00034,0.00034,3,5,0,0,0,0,0,0,0,0,0,0,1,0,1,0,0,0,0,0,0,0,0,,0,0,0,0,
11,8.28,0,17.4,34,0,0,0,-5.95,0,0,0,0,-10,0,0,0,0,-0.00229183,0,0,0,0,0,0,0,0,0,1,80,58,0,0.00034,0.00034,3,5,0,0,0,0,0,0,0,0,0,0,1,0,1,0,0,0,0,0,0,0,0,,0,0,0,0,
12,8.7,0,-36,30,0,0,0,-0.1,0,0,0,0,-7,0,0,0,0,-0.00229183,0,0,0,0,0,0,0,0,0,1,76,58,0,0.00034,0.00034,3,5,0,0,0,0,0,0,0,0,0,0,1,0,1,0,0,0,0,0,0,0,0,,0,0,0,0,
13,9.42,0,44.6,29.5,0,0,0,10.65,0,0,0,0,1.5,0,0,0,0,-0.00229183,0,0,0,0,0,0,0,0,0,1,75,58,0,0.00034,0.00034,3,5,0,0,0,0,0,0,0,0,0,0,1,0,1,0,0,0,0,0,0,0,0,,0,0,0,0,
14,10.28,0,-32.7,27.5,0,0,0,-13.85,0,0,0,0,-10.5,0,0,0,0,-0.00229183,0,0,0,0,0,0,0,0,0,1,73,58,0,0.00034,0.00034,3,5,0,0,0,0,0,0,0,0,0,0,1,0,1,0,0,0,0,0,0,0,0,,0,0,0,0,
15,10.73,0,-60.05,24,0,0,0,13.55,0,0,0,0,4.5,0,0,0,0,-0.00229183,0,0,0,0,0,0,0,0,0,1,70,58,0,0.00034,0.00034,3,5,0,0,0,0,0,0,0,0,0,0,1,0,1,0,0,0,0,0,0,0,0,,0,0,0,0,
16,11.16,0,13.2,25.5,0,0,0,0.95,0,0,0,0,-18,0,0,0,0,-0.00229183,0,0,0,0,0,0,0,0,0,1,71,58,0,0.00034,0.00034,3,5,0,0,0,0,0,0,0,0,0,0,1,0,1,0,0,0,0,0,0,0,0,,0,0,0,0,
17,11.75,0,9.35,26,0,0,0,10.15,0,0,0,0,-18,0,0,0,0,-0.00229183,0,0,0,0,0,0,0,0,0,1,72,58,0,0.00034,0.00034,3,5,0,0,0,0,0,0,0,0,0,0,1,0,1,0,0,0,0,0,0,0,0,,0,0,0,0,
18,12.79,0,21.05,25.5,0,0,0,4.95,0,0,0,0,-13.5,0,0,0,0,-0.00229183,0,0,0,0,0,0,0,0,0,1,72,58,0,0.00034,0.00034,3,5,0,0,0,0,0,0,0,0,0,0,1,0,1,0,0,0,0,0,0,0,0,,0,0,0,0,
19,13.7,0,20,28,0,0,0,-2.3,0,0,0,0,-12,0,0,0,0,-0.00229183,0,0,0,0,0,0,0,0,0,1,74,58,0,0.00034,0.00034,3,5,0,0,0,0,0,0,0,0,0,0,1,0,1,0,0,0,0,0,0,0,0,,0,0,0,0,
20,14.39,0,20.65,24.5,0,0,0,-0.6,0,0,0,0,-15,0,0,0,0,-0.00229183,0,0,0,0,0,0,0,0,0,1,71,58,0,0.00034,0.00034,3,5,0,0,0,0,0,0,0,0,0,0,1,0,1,0,0,0,0,0,0,0,0,,0,0,0,0,
21,16.08,0,19.05,25.5,0,0,0,0.45,0,0,0,0,-13.5,0,0,0,0,-0.00229183,0,0,0,0,0,0,0,0,0,1,71,58,0,0.00034,0.00034,3,5,0,0,0,0,0,0,0,0,0,0,1,0,1,0,0,0,0,0,0,0,0,,0,0,0,0,
22,16.86,0,17.05,32.5,0,0,0,1.95,0,0,0,0,-7.5,0,0,0,0,-0.00229183,0,0,0,0,0,0,0,0,0,1,78,58,0,0.00034,0.00034,3,5,0,0,0,0,0,0,0,0,0,0,1,0,1,0,0,0,0,0,0,0,0,,0,0,0,0,
23,17.9,0,15.95,22,0,0,0,-3.3,0,0,0,0,-17.5,0,0,0,0,-0.00229183,0,0,0,0,0,0,0,0,0,1,68,58,0,0.00034,0.00034,3,5,0,0,0,0,0,0,0,0,0,0,1,0,1,0,0,0,0,0,0,0,0,,0,0,0,0,
24,18.36,0,9.2,20.5,0,0,0,-1.8,0,0,0,0,-20.5,0,0,0,0,-0.00229183,0,0,0,0,0,0,0,0,0,1,66,58,0,0.00034,0.00034,3,5,0,0,0,0,0,0,0,0,0,0,1,0,1,0,0,0,0,0,0,0,0,,0,0,0,0,
25,18.87,0,13.15,23,0,0,0,-3,0,0,0,0,-17,0,0,0,0,-0.00229183,0,0,0,0,0,0,0,0,0,1,69,58,0,0.00034,0.00034,3,5,0,0,0,0,0,0,0,0,0,0,1,0,1,0,0,0,0,0,0,0,0,,0,0,0,0,
26,25.54,0,7.4,20,0,0,0,3.25,0,0,0,0,-18,0,0,0,0,-0.00229183,0,0,0,0,0,0,0,0,0,1,65,58,0,0.00034,0.00034,3,5,0,0,0,0,0,0,0,0,0,0,1,0,1,0,0,0,0,0,0,0,0,,0,0,0,0,
27,31.72,0,11.95,22.5,0,0,3.12966e-33,-0.6,0,0,0,0,-12.5,0,0,0,0,-0.00229183,0,0,0,0,5.54525e-40,0,0,0,0,1,67,58,0,0.00034,0.00034,3,5,0,0,0,4.62855e-38,0,0,0,0,0,0,1,0,1,0,0,0,0,0,0,4.62855e-38,0,,0,0,0,0,
28,33.39,0,7.9,21.5,0,0,0,0.7,0,0,0,0,-12.5,0,0,0,0,-0.00229183,0,0,0,0,0,0,0,0,0,1,66,58,0,0.00034,0.00034,3,0,0,0,0,0,0,0,0,0,0,0,1,0,1,0,0,0,0,0,0,0,0,,0,0,0,0,
END,Total:29
START,FrameNb:15,CameraNb:0,HeSaiNb:0,ARS410Nb:0
2026/05/22 13:41:35:791---->
heightOffset:0,1779428495791,98492,selfCaliBufCnt:0,selfAccObjCnt:0,selfAccAngle:0,installHAngleOffset:0,Interpolation:0,installVAngleOffset:0,radarOffsetH:0,radarOffsetV:0.32,Polynom:-0.001023;-0.0511;-2.047;0;0;0;-0.001023;-0.0511;-2.047;-25.5;0;0,WheelDirection:0;0;0;0,selfAngleOffset:0,selfAngleOffsetPit:0,currCaliAngleHrz:0,currCaliAnglePit:0,selfCaliAngleHrz:0,selfCaliAnglePit:0,servCaliAngleHrz:0,servCaliAnglePit:0,offlineCaliAngleHrz:0,offlineCaliAnglePit:0,determine2useFlag:0,IMU_Z_Accel:-21.592,IMU_X_AngularRate:-2.093,IMU_Y_AngularRate:-2.093,IMU_RollAngle:-180,IMU_PitchAngle:-180,IMU_YawAngle:-180,FcwID:0,FCWWarningLevel:0,FCWTTC:0
0,0.94,0,6.7,35,0,0,0,-3.25,1.71472e-31,0,0,0,-14.5,0,0,0,0,-0.00229183,0,0,0,0,0,0,0,0,0,1,85,60,0,0.00034,0.00034,3,5,0,0,0,0,0,0,0,0,0,0,1,0,0,0,0,0,0,0,0,0,0,,0,0,0,0,
1,1.76,0,9.7,33,0,0,0,-10.3,0,0,0,0,-15,0,0,0,0,-0.00229183,0,0,0,0,0,0,0,0,0,1,82,60,0,0.00034,0.00034,3,0,0,0,0,0,0,0,0,0,0,0,1,0,0,0,0,0,0,0,0,0,0,,0,0,0,0,
2,2.52,0,10.3,27,0,0,0,-12,0,0,0,0,-20.5,0,0,0,0,-0.00229183,0,0,0,0,0,0,0,0,0,1,76,60,0,0.00034,0.00034,3,5,0,0,0,0,0,0,0,0,0,0,1,0,0,0,0,0,0,0,0,0,0,,0,0,0,0,
3,3.54,0,-40,23.5,0,0,0,8.65,0,0,0,0,-13.5,0,0,0,0,-0.00229183,0,0,0,0,0,0,0,0,0,1,71,60,0,0.00034,0.00034,3,5,0,0,0,0,0,0,0,0,0,0,1,0,0,0,0,0,0,0,0,0,0,,0,0,0,0,
4,4.8,0,2.4,24.5,0,0,0,-13.2,0,0,0,0,-25.5,0,0,0,0,-0.00229183,0,0,0,0,0,0,0,0,0,1,71,60,0,0.00034,0.00034,3,5,0,0,0,0,0,0,0,0,0,0,1,0,0,0,0,0,0,0,0,0,0,,0,0,0,0,
5,5.28,0,60.7,28,0,0,0,-8.25,0,0,0,0,6,0,0,0,0,-0.00229183,0,0,0,0,0,0,0,0,0,1,73,60,0,0.00034,0.00034,3,5,0,0,0,0,0,0,0,0,0,0,1,0,0,0,0,0,0,0,0,0,0,,0,0,0,0,
6,6.46,0,34.05,36.5,0,0,0,-3.85,0,0,0,0,-3.5,0,0,0,0,-0.00229183,0,0,0,0,0,0,0,0,0,1,81,60,0,0.00034,0.00034,3,0,0,0,0,0,0,0,0,0,0,0,1,0,0,0,0,0,0,0,0,0,0,,0,0,0,0,
7,7.23,0,23.8,35,0,0,0,-1.45,0,0,0,0,-9,0,0,0,0,-0.00229183,0,0,0,0,0,0,0,0,0,1,80,60,0,0.00034,0.00034,3,0,0,0,0,0,0,0,0,0,0,0,1,0,0,0,0,0,0,0,0,0,0,,0,0,0,0,
8,7.66,0,37.6,36.5,0,0,0,-2.6,0,0,0,0,1.5,0,0,0,0,-0.00229183,0,0,0,0,0,0,0,0,0,1,82,60,0,0.00034,0.00034,3,5,0,0,0,0,0,0,0,0,0,0,1,0,0,0,0,0,0,0,0,0,0,,0,0,0,0,
9,7.66,0,17.8,36.5,0,0,0,-2.95,0,0,0,0,-8.5,0,0,0,0,-0.00229183,0,0,0,0,0,0,0,0,0,1,82,60,0,0.00034,0.00034,3,5,0,0,0,0,0,0,0,0,0,0,1,0,0,0,0,0,0,0,0,0,0,,0,0,0,0,
10,8.28,0,17.4,34,0,0,0,-5.95,0,0,0,0,-10,0,0,0,0,-0.00229183,0,0,0,0,0,0,0,0,0,1,80,60,0,0.00034,0.00034,3,5,0,0,0,0,0,0,0,0,0,0,1,0,0,0,0,0,0,0,0,0,0,,0,0,0,0,
11,8.7,0,-36.05,30,0,0,0,0.15,0,0,0,0,-6.5,0,0,0,0,-0.00229183,0,0,0,0,0,0,0,0,0,1,76,60,0,0.00034,0.00034,3,5,0,0,0,0,0,0,0,0,0,0,1,0,0,0,0,0,0,0,0,0,0,,0,0,0,0,
12,9.43,0,44.55,30,0,0,0,10.75,0,0,0,0,1.5,0,0,0,0,-0.00229183,0,0,0,0,0,0,0,0,0,1,76,60,0,0.00034,0.00034,3,5,0,0,0,0,0,0,0,0,0,0,1,0,0,0,0,0,0,0,0,0,0,,0,0,0,0,
13,10.26,0,23.4,27,0,0,0,8.8,0,0,0,0,-13.5,0,0,0,0,-0.00229183,0,0,0,0,0,0,0,0,0,1,73,60,0,0.00034,0.00034,3,5,0,0,0,0,0,0,0,0,0,0,1,0,0,0,0,0,0,0,0,0,0,,0,0,0,0,
14,10.73,0,-59.8,24,0,0,0,13.9,0,0,0,0,3.5,0,0,0,0,-0.00229183,0,0,0,0,0,0,0,0,0,1,70,60,0,0.00034,0.00034,3,5,0,0,0,0,0,0,0,0,0,0,1,0,0,0,0,0,0,0,0,0,0,,0,0,0,0,
15,11.16,0,22.15,25.5,0,0,0,-11.2,0,0,0,0,-14.5,0,0,0,0,-0.00229183,0,0,0,0,0,0,0,0,0,1,71,60,0,0.00034,0.00034,3,5,0,0,0,0,0,0,0,0,0,0,1,0,0,0,0,0,0,0,0,0,0,,0,0,0,0,
16,11.75,0,9.3,26.5,0,0,0,9.75,0,0,0,0,-17.5,0,0,0,0,-0.00229183,0,0,0,0,0,0,0,0,0,1,72,60,0,0.00034,0.00034,3,5,0,0,0,0,0,0,0,0,0,0,1,0,0,0,0,0,0,0,0,0,0,,0,0,0,0,
17,12.79,0,20.9,26,0,0,0,4.75,0,0,0,0,-14.5,0,0,0,0,-0.00229183,0,0,0,0,0,0,0,0,0,1,72,60,0,0.00034,0.00034,3,5,0,0,0,0,0,0,0,0,0,0,1,0,0,0,0,0,0,0,0,0,0,,0,0,0,0,
18,13.7,0,-43.8,28,0,0,0,-9.2,0,0,0,0,-1.5,0,0,0,0,-0.00229183,0,0,0,0,0,0,0,0,0,1,74,60,0,0.00034,0.00034,3,5,0,0,0,0,0,0,0,0,0,0,1,0,0,0,0,0,0,0,0,0,0,,0,0,0,0,
19,16.09,0,19.05,25.5,0,0,0,0.4,0,0,0,0,-13.5,0,0,0,0,-0.00229183,0,0,0,0,0,0,0,0,0,1,71,60,0,0.00034,0.00034,3,5,0,0,0,0,0,0,0,0,0,0,1,0,0,0,0,0,0,0,0,0,0,,0,0,0,0,
20,16.86,0,17.05,32.5,0,0,0,1.9,0,0,0,0,-7.5,0,0,0,0,-0.00229183,0,0,0,0,0,0,0,0,0,1,78,60,0,0.00034,0.00034,3,5,0,0,0,0,0,0,0,0,0,0,1,0,0,0,0,0,0,0,0,0,0,,0,0,0,0,
21,17.91,0,16.15,22.5,0,0,0,-3.2,0,0,0,0,-17,0,0,0,0,-0.00229183,0,0,0,0,0,0,0,0,0,1,68,60,0,0.00034,0.00034,3,5,0,0,0,0,0,0,0,0,0,0,1,0,0,0,0,0,0,0,0,0,0,,0,0,0,0,
22,18.34,0,9.15,21,0,0,0,-1.25,0,0,0,0,-20.5,0,0,0,0,-0.00229183,0,0,0,0,0,0,0,0,0,1,66,60,0,0.00034,0.00034,3,5,0,0,0,0,0,0,0,0,0,0,1,0,0,0,0,0,0,0,0,0,0,,0,0,0,0,
23,18.86,0,13.05,23.5,0,0,0,-1.25,0,0,0,0,-17,0,0,0,0,-0.00229183,0,0,0,0,0,0,0,0,0,1,69,60,0,0.00034,0.00034,3,5,0,0,0,0,0,0,0,0,0,0,1,0,0,0,0,0,0,0,0,0,0,,0,0,0,0,
24,19.5,0,18.3,18.5,0,0,0,5.05,0,0,0,0,-21,0,0,0,0,-0.00229183,0,0,0,0,0,0,0,0,0,1,64,60,0,0.00034,0.00034,3,5,0,0,0,0,0,0,0,0,0,0,1,0,0,0,0,0,0,0,0,0,0,,0,0,0,0,
25,25.48,0,7.3,20,0,0,0,2.2,0,0,0,0,-18,0,0,0,0,-0.00229183,0,0,0,0,0,0,0,0,0,1,65,60,0,0.00034,0.00034,3,5,0,0,0,0,0,0,0,0,0,0,1,0,0,0,0,0,0,0,0,0,0,,0,0,0,0,
26,33.38,0,7.9,22,0,0,0,1.25,0,0,0,0,-12,0,0,0,0,-0.00229183,0,0,0,0,0,0,0,0,0,1,67,60,0,0.00034,0.00034,3,0,0,0,0,0,0,0,0,0,0,0,1,0,0,0,0,0,0,0,0,0,0,,0,0,0,0,
END,Total:27




,,,,,,,,
